Drug_ID,text,Y
DEMETHYLASTEMIZOLE,The molecular structure represented by SMILES Oc1ccc(CCN2CCC(Nc3nc4ccccc4n3Cc3ccc(F)cc3)CC2)cc1 was tested for hERG channel blocking activity.,1.0
GBR-12909,The molecular structure represented by SMILES Fc1ccc(C(OCC[NH+]2CC[NH+](CCCc3ccccc3)CC2)c2ccc(F)cc2)cc1 was tested for hERG channel blocking activity.,1.0
CLOFILIUM PHOSPHATE,The molecular structure represented by SMILES CCCCCCC[N+](CC)(CC)CCCCc1ccc(Cl)cc1.CCCCCCC[N+](CC)(CC)CCCCc1ccc(Cl)cc1.CCCCCCC[N+](CC)(CC)CCCCc1ccc(Cl)cc1.O=P([O-])([O-])[O-] was tested for hERG channel blocking activity.,1.0
FLUSPIRILENE,The molecular structure represented by SMILES O=C1NCN(c2ccccc2)C12CC[NH+](CCCC(c1ccc(F)cc1)c1ccc(F)cc1)CC2 was tested for hERG channel blocking activity.,1.0
VANOXERINE HYDROCHLORIDE,The molecular structure represented by SMILES Fc1ccc(C(OCCN2CCN(CCCc3ccccc3)CC2)c2ccc(F)cc2)cc1 was tested for hERG channel blocking activity.,1.0
L-691121,The molecular structure represented by SMILES CS(=O)(=O)Nc1ccc2c(c1)C(=O)CC1(CCN(CCc3ccc4nonc4c3)CC1)O2 was tested for hERG channel blocking activity.,1.0
BMCL20031829_02,The molecular structure represented by SMILES O=C1NCCN1CCN1CC=C(c2cn(-c3ccc(F)cc3)c3ccc(Cl)cc23)CC1 was tested for hERG channel blocking activity.,1.0
DOFETILIDE,The molecular structure represented by SMILES C[NH+](CCOc1ccc(NS(C)(=O)=O)cc1)CCc1ccc(NS(C)(=O)=O)cc1 was tested for hERG channel blocking activity.,1.0
BMCL20031829_15,The molecular structure represented by SMILES CN(C)Cc1cc2cc(Cl)ccc2n1-c1ccc(F)cc1 was tested for hERG channel blocking activity.,1.0
DIGITOXIN,The molecular structure represented by SMILES C[C@H]1O[C@@H](O[C@H]2[C@@H](O)C[C@H](O[C@H]3[C@@H](O)C[C@H](O[C@H]4CC[C@]5(C)[C@H]6CC[C@]7(C)[C@@H](C8=CC(=O)OC8)CC[C@]7(O)[C@@H]6CC[C@@H]5C4)O[C@@H]3C)O[C@@H]2C)C[C@H](O)[C@@H]1O was tested for hERG channel blocking activity.,1.0
ASTEMIZOLE,The molecular structure represented by SMILES COc1ccc(CC[NH+]2CCC(Nc3nc4ccccc4n3Cc3ccc(F)cc3)CC2)cc1 was tested for hERG channel blocking activity.,1.0
CLEMASTINE,The molecular structure represented by SMILES C[NH+]1CCC[C@@H]1CCO[C@](C)(c1ccccc1)c1ccc(Cl)cc1 was tested for hERG channel blocking activity.,1.0
CLOFILIUM,The molecular structure represented by SMILES CCCCCCC[N+](CC)(CC)CCCCc1ccc(Cl)cc1 was tested for hERG channel blocking activity.,1.0
SERTINDOLE,The molecular structure represented by SMILES O=C1NCCN1CC[NH+]1CCC(c2cn(-c3ccc(F)cc3)c3ccc(Cl)cc23)CC1 was tested for hERG channel blocking activity.,1.0
TOLTERODINE TARTRATE,The molecular structure represented by SMILES Cc1ccc(O)c([C@@H](CCN(C(C)C)C(C)C)c2ccccc2)c1 was tested for hERG channel blocking activity.,1.0
L-702958,The molecular structure represented by SMILES CS(=O)(=O)Nc1ccc2c(c1)C(=O)CC1(CCN([C@@H]3CCc4cc(C#N)ccc4C3)CC1)O2 was tested for hERG channel blocking activity.,1.0
OUABAIN,The molecular structure represented by SMILES C[C@@H]1O[C@@H](O[C@@H]2C[C@@H](O)[C@]3(CO)[C@H]4[C@@H](O)C[C@]5(C)[C@H](C6=CC(=O)OC6)CC[C@]5(O)[C@@H]4CC[C@@]3(O)C2)[C@H](O)[C@H](O)[C@H]1O was tested for hERG channel blocking activity.,1.0
LIDOFLAZINE,The molecular structure represented by SMILES Cc1cccc(C)c1NC(=O)C[NH+]1CC[NH+](CCCC(c2ccc(F)cc2)c2ccc(F)cc2)CC1 was tested for hERG channel blocking activity.,1.0
PIMOZIDE,The molecular structure represented by SMILES O=C1N=c2ccccc2=[N+]1C1CC[NH+](CCCC(c2ccc(F)cc2)c2ccc(F)cc2)CC1 was tested for hERG channel blocking activity.,1.0
WOMBAT07,The molecular structure represented by SMILES c1ccc(-c2[nH]c3ccccc3c2C2C[C@@H]3CC[C@H](C2)N3c2ccccc2)cc1 was tested for hERG channel blocking activity.,1.0
CISAPRIDE HYDRATE,The molecular structure represented by SMILES COc1cc(N)c(Cl)cc1C(=O)N[C@@H]1CCN(CCCOc2ccc(F)cc2)C[C@@H]1OC was tested for hERG channel blocking activity.,1.0
HALOPERIDOL,The molecular structure represented by SMILES O=C(CCC[NH+]1CCC(O)(c2ccc(Cl)cc2)CC1)c1ccc(F)cc1 was tested for hERG channel blocking activity.,1.0
BRL-37872,The molecular structure represented by SMILES COc1ccc(CC[NH+](C)CCCN(C(=O)c2ccc([N+](=O)[O-])cc2)c2ccc(OC)c(OC)c2)cc1OC was tested for hERG channel blocking activity.,1.0
MK-499,The molecular structure represented by SMILES CS(=O)(=O)Nc1ccc2c(c1)[C@H](O)CC1(CC[NH+]([C@@H]3CCc4cc(C#N)ccc4C3)CC1)O2 was tested for hERG channel blocking activity.,1.0
BMCL20031829_13,The molecular structure represented by SMILES O=C1NCCN1CCN1CCC([C@@H]2CN(c3ccc(F)cc3)c3ccccc32)CC1 was tested for hERG channel blocking activity.,1.0
WOMBAT59,The molecular structure represented by SMILES N#Cc1ccc(Cn2cncc2C[NH+](CCCc2ccccc2)[C@@H]2CCN(Cc3cccc(Cl)c3)C2=O)cc1 was tested for hERG channel blocking activity.,1.0
IBUTILIDE,The molecular structure represented by SMILES CCCCCCC[NH+](CC)CCC[C@@H](O)c1ccc(NS(C)(=O)=O)cc1 was tested for hERG channel blocking activity.,1.0
NORASTEMIZOLE,The molecular structure represented by SMILES Fc1ccc(Cn2c(NC3CC[NH2+]CC3)nc3ccccc32)cc1 was tested for hERG channel blocking activity.,1.0
BEKM-1,The molecular structure represented by SMILES Clc1ccc(C(c2ccc(Cl)cc2)n2cc[n+](C[C@H](OCc3ccc(Cl)cc3Cl)c3ccc(Cl)cc3Cl)c2)cc1 was tested for hERG channel blocking activity.,1.0
DROPERIDOL,The molecular structure represented by SMILES O=C(CCC[NH+]1CC=C([N+]2=c3ccccc3=NC2=O)CC1)c1ccc(F)cc1 was tested for hERG channel blocking activity.,1.0
BMCL20031829_08,The molecular structure represented by SMILES COC(=O)c1ccc(-n2cc(C3CCN(CCN4CCNC4=O)CC3)c3cc(Cl)ccc32)cc1 was tested for hERG channel blocking activity.,1.0
DIGOXIN,The molecular structure represented by SMILES C[C@H]1O[C@@H](O[C@H]2[C@@H](O)C[C@H](O[C@H]3[C@@H](O)C[C@H](O[C@H]4CC[C@]5(C)[C@H]6C[C@@H](O)[C@]7(C)[C@@H](C8=CC(=O)OC8)CC[C@]7(O)[C@@H]6CC[C@@H]5C4)O[C@@H]3C)O[C@@H]2C)C[C@H](O)[C@@H]1O was tested for hERG channel blocking activity.,1.0
AMIODARONE HYDROCHLORIDE,The molecular structure represented by SMILES CCCCc1oc2ccccc2c1C(=O)c1cc(I)c(OCCN(CC)CC)c(I)c1 was tested for hERG channel blocking activity.,1.0
DESBUTYLHALOFANTRINE,The molecular structure represented by SMILES CCCCNCC[C@H](O)c1cc2c(Cl)cc(Cl)cc2c2cc(C(F)(F)F)ccc12 was tested for hERG channel blocking activity.,1.0
N-DESBUTYLHALOFANTRINE,The molecular structure represented by SMILES CCCCNCCC(O)c1cc2c(Cl)cc(Cl)cc2c2cc(C(F)(F)F)ccc12 was tested for hERG channel blocking activity.,1.0
WOMBAT06,The molecular structure represented by SMILES c1ccc(-c2[nH]c3ccccc3c2C2CCN(c3ccccc3)CC2)cc1 was tested for hERG channel blocking activity.,1.0
BMCL20031829_01,The molecular structure represented by SMILES O=C1NCCN1CCN1CCC(c2cn(-c3ccccc3)c3ccc(Cl)cc23)CC1 was tested for hERG channel blocking activity.,1.0
THIORIDAZINE,The molecular structure represented by SMILES CSc1ccc2c(c1)N(CC[C@H]1CCCC[NH+]1C)c1ccccc1S2 was tested for hERG channel blocking activity.,1.0
KETANSERIN,The molecular structure represented by SMILES O=C(c1ccc(F)cc1)C1CC[NH+](CCn2c(=O)[nH]c3ccccc3c2=O)CC1 was tested for hERG channel blocking activity.,1.0
WOMBAT33,The molecular structure represented by SMILES Fc1ccc2c([C@@H]3C[NH2+]CC[C@@H]3F)c(-c3cccc4ccccc34)[nH]c2c1 was tested for hERG channel blocking activity.,1.0
WOMBAT60,The molecular structure represented by SMILES CC(C)(C)OC(=O)NCCC[NH+](Cc1cncn1Cc1ccc(C#N)cc1)[C@@H]1CCN(Cc2cccc(Cl)c2)C1=O was tested for hERG channel blocking activity.,1.0
PERGOLIDE,The molecular structure represented by SMILES CCC[NH+]1C[C@H](CSC)C[C@H]2c3cccc4c3[C@H](C=N4)C[C@H]21 was tested for hERG channel blocking activity.,1.0
VERAPAMIL,The molecular structure represented by SMILES COc1ccc(CC[NH+](C)CCC[C@@](C#N)(c2ccc(OC)c(OC)c2)C(C)C)cc1OC was tested for hERG channel blocking activity.,1.0
9-HYDROXYRISPERIDONE,The molecular structure represented by SMILES CC1=NC2=[N+](CCC[C@H]2O)C(=O)[C@@H]1CC[NH+]1CCC(c2noc3cc(F)ccc23)CC1 was tested for hERG channel blocking activity.,1.0
WOMBAT26,The molecular structure represented by SMILES N#Cc1ccc(Cn2cncc2CC[NH2+][C@H]2CCN(c3ccccc3)C2=O)cc1 was tested for hERG channel blocking activity.,1.0
DOMPERIDONE,The molecular structure represented by SMILES O=C1N=c2ccccc2=[N+]1CCC[NH+]1CCC([N+]2=c3ccc(Cl)cc3=NC2=O)CC1 was tested for hERG channel blocking activity.,1.0
OLANZAPINE,The molecular structure represented by SMILES Cc1cc2c(s1)Nc1ccccc1N=C2N1CC[NH+](C)CC1 was tested for hERG channel blocking activity.,1.0
NPS-2143,The molecular structure represented by SMILES CC(C)(Cc1ccc2ccccc2c1)NC[C@@H](O)COc1cccc(Cl)c1C#N was tested for hERG channel blocking activity.,1.0
WOMBAT28,The molecular structure represented by SMILES CCCC[NH+](Cc1cncn1Cc1ccc(C#N)cc1)[C@H]1CCN(Cc2ccccc2)C1=O was tested for hERG channel blocking activity.,1.0
WOMBAT57,The molecular structure represented by SMILES N#Cc1ccc(Cn2cncc2C[NH+](CC[NH+]2CCOCC2)[C@@H]2CCN(Cc3cccc(Cl)c3)C2=O)cc1 was tested for hERG channel blocking activity.,1.0
AMSACRINE,The molecular structure represented by SMILES COc1cc(NS(C)(=O)=O)ccc1Nc1c2ccccc2nc2ccccc12 was tested for hERG channel blocking activity.,1.0
APRINIDINE,The molecular structure represented by SMILES CC[NH+](CC)CCCN(c1ccccc1)C1Cc2ccccc2C1 was tested for hERG channel blocking activity.,1.0
MEPERIDINE,The molecular structure represented by SMILES CCOC(=O)C1(c2ccccc2)CCN(C)CC1 was tested for hERG channel blocking activity.,1.0
TERIKALANT,The molecular structure represented by SMILES COc1ccc(C2CCN(CC[C@H]3CCOc4ccccc43)CC2)cc1OC was tested for hERG channel blocking activity.,1.0
CLOZAPINE,The molecular structure represented by SMILES C[NH+]1CCN(C2=Nc3cc(Cl)ccc3Nc3ccccc32)CC1 was tested for hERG channel blocking activity.,1.0
SUNITINIB,The molecular structure represented by SMILES CCN(CC)CCNC(=O)c1c(C)[nH]c(/C=C2\C(=O)Nc3ccc(F)cc32)c1C was tested for hERG channel blocking activity.,1.0
WOMBAT03,The molecular structure represented by SMILES c1ccc(C[NH+]2CCC[C@H](c3c(-c4ccccc4)[nH]c4ccccc34)C2)cc1 was tested for hERG channel blocking activity.,1.0
AWD_23-111,The molecular structure represented by SMILES CC[NH+](CC)CCCN(CC(=O)N(C1CCCCC1)C1CCCCC1)C(=O)c1ccc([N+](=O)[O-])cc1 was tested for hERG channel blocking activity.,1.0
LOBELINE,The molecular structure represented by SMILES CN1[C@H](C[C@@H](O)c2ccccc2)CCC[C@@H]1CC(=O)c1ccccc1.CS(=O)(=O)Nc1ccc2c(c1)C(=O)CC1(CCN([C@@H]3CCc4cc(C#N)ccc4C3)CC1)O2 was tested for hERG channel blocking activity.,1.0
OXATOMIDE,The molecular structure represented by SMILES O=c1[nH]c2ccccc2n1CCCN1CCN(C(c2ccccc2)c2ccccc2)CC1 was tested for hERG channel blocking activity.,1.0
CHLOROPHENIRAMINE,The molecular structure represented by SMILES CN(C)CC[C@@H](c1ccc(Cl)cc1)c1ccccn1 was tested for hERG channel blocking activity.,1.0
ALMOKALANT,The molecular structure represented by SMILES CCCS(=O)CCC[NH+](CC)C[C@@H](O)COc1ccc(C#N)cc1 was tested for hERG channel blocking activity.,1.0
2-[({1-[1-(4-Fluorobenzyl)-1H-benzimidazol-2-yl]-4-piperidinyl}methyl)amino]-4(3H)-pyrimidinone,The molecular structure represented by SMILES O=c1ccnc(NCC2CCN(c3nc4ccccc4n3Cc3ccc(F)cc3)CC2)[nH]1 was tested for hERG channel blocking activity.,1.0
PROPAFENONE,The molecular structure represented by SMILES CCC[NH2+]C[C@@H](O)COc1ccccc1C(=O)CCc1ccccc1 was tested for hERG channel blocking activity.,1.0
WOMBAT56,The molecular structure represented by SMILES N#Cc1ccc(Cn2cncc2C[NH2+][C@@H]2CCN(Cc3cccc(Cl)c3)C2=O)cc1 was tested for hERG channel blocking activity.,1.0
FLUOXETINE,The molecular structure represented by SMILES C[NH2+]CC[C@@H](Oc1ccc(C(F)(F)F)cc1)c1ccccc1 was tested for hERG channel blocking activity.,1.0
CYAMEMAZINE (RACEMATE),The molecular structure represented by SMILES C[C@H](CN(C)C)CN1c2ccccc2Sc2ccc(C#N)cc21 was tested for hERG channel blocking activity.,1.0
WOMBAT61,The molecular structure represented by SMILES N#Cc1ccc(Cn2cncc2C[NH+](CCC[NH3+])[C@@H]2CCN(Cc3cccc(Cl)c3)C2=O)cc1 was tested for hERG channel blocking activity.,1.0
SAXITOXIN,The molecular structure represented by SMILES N=C1N[C@H]2[C@H](COC(N)=O)NC(=N)N3CCC(O)(O)[C@]23N1 was tested for hERG channel blocking activity.,1.0
WOMBAT34,The molecular structure represented by SMILES Fc1ccc2c([C@@H]3C[NH2+]CC[C@@H]3F)c(-c3ccc4ccccc4c3)[nH]c2c1 was tested for hERG channel blocking activity.,1.0
CARVEDILOL (RACEMATE),The molecular structure represented by SMILES COc1ccccc1OCCNC[C@@H](O)COc1cccc2[nH]c3ccccc3c12 was tested for hERG channel blocking activity.,1.0
ATROPINE,The molecular structure represented by SMILES C[NH+]1[C@H]2CC[C@@H]1CC(OC(=O)[C@@H](CO)c1ccccc1)C2 was tested for hERG channel blocking activity.,1.0
BMCL20031829_04,The molecular structure represented by SMILES O=C(O)Cc1ccc(-n2cc(C3CCN(CCN4CCNC4=O)CC3)c3cc(Cl)ccc32)cc1 was tested for hERG channel blocking activity.,1.0
DOXAZOSIN,The molecular structure represented by SMILES COc1cc2nc(N3CCN(C(=O)[C@H]4COc5ccccc5O4)CC3)nc(N)c2cc1OC was tested for hERG channel blocking activity.,1.0
PRENYLAMINE,The molecular structure represented by SMILES C[C@H](Cc1ccccc1)[NH2+]CCC(c1ccccc1)c1ccccc1 was tested for hERG channel blocking activity.,1.0
CLEBOPRIDE,The molecular structure represented by SMILES COc1cc(N)c(Cl)cc1C(=O)NC1CCN(Cc2ccccc2)CC1 was tested for hERG channel blocking activity.,1.0
ARIPIPRAZOLE,The molecular structure represented by SMILES O=C1CCc2ccc(OCCCCN3CCN(c4cccc(Cl)c4Cl)CC3)cc2N1 was tested for hERG channel blocking activity.,1.0
BMCL-16-2006-4265_26,The molecular structure represented by SMILES CN1CCN(CCCN(C(=O)Nc2ccc(F)c(C(F)(F)F)c2)[C@@H]2C[C@@H](c3ccc4c(c3)[C@H](N)NO4)[C@@H]3C[C@H]32)CC1 was tested for hERG channel blocking activity.,1.0
(+)-QUINIDINE,The molecular structure represented by SMILES C=C[C@H]1CN2CC[C@H]1C[C@@H]2[C@@H](O)c1ccnc2ccc(OC)cc12 was tested for hERG channel blocking activity.,1.0
N_DEMETHYLHALOFANTRINE,The molecular structure represented by SMILES [NH3+]CC[C@@H](O)c1cc2c(Cl)cc(Cl)cc2c2cc(C(F)(F)F)ccc12 was tested for hERG channel blocking activity.,1.0
FLUOXETINE HYDROCHLORIDE,The molecular structure represented by SMILES CNCC[C@H](Oc1ccc(C(F)(F)F)cc1)c1ccccc1 was tested for hERG channel blocking activity.,1.0
ORPHENADRINE,The molecular structure represented by SMILES Cc1ccccc1[C@H](OCC[NH+](C)C)c1ccccc1 was tested for hERG channel blocking activity.,1.0
CYAMEMAZIN,The molecular structure represented by SMILES C[C@H](CN1c2ccccc2Sc2ccc(C#N)cc21)C[NH+](C)C was tested for hERG channel blocking activity.,1.0
CYAMEMAZINE,The molecular structure represented by SMILES C[C@@H](CN(C)C)CN1c2ccccc2Sc2ccc(C#N)cc21 was tested for hERG channel blocking activity.,1.0
WOMBAT27,The molecular structure represented by SMILES N#Cc1ccc(Cn2cncc2C[NH+](Cc2cccnc2)[C@H]2CCN(Cc3ccccc3)C2=O)cc1 was tested for hERG channel blocking activity.,1.0
BROMPHENIRAMINE MALEATE,The molecular structure represented by SMILES CN(C)CC[C@H](c1ccc(Br)cc1)c1ccccn1 was tested for hERG channel blocking activity.,1.0
WOMBAT36,The molecular structure represented by SMILES O=C(Nc1ccccc1)c1[nH]c2cc(F)ccc2c1[C@@H]1C[NH2+]CC[C@@H]1F was tested for hERG channel blocking activity.,1.0
BCTC,The molecular structure represented by SMILES CC(C)(C)c1ccc(NC(=O)N2CCN(c3ncccc3Cl)CC2)cc1 was tested for hERG channel blocking activity.,1.0
DRONEDARONE,The molecular structure represented by SMILES CCCCc1oc2ccc(NS(C)(=O)=O)cc2c1C(=O)c1ccc(OCCCN(CCCC)CCCC)cc1 was tested for hERG channel blocking activity.,1.0
GF-109203X,The molecular structure represented by SMILES CN(C)CCCn1cc(C2=C(c3c[nH]c4ccccc34)C(=O)NC2=O)c2ccccc21 was tested for hERG channel blocking activity.,1.0
MDL-100907,The molecular structure represented by SMILES COc1cccc([C@H](O)C2CCN(CCc3ccc(F)cc3)CC2)c1OC was tested for hERG channel blocking activity.,1.0
AJMALINE,The molecular structure represented by SMILES CC[C@H]1[C@H]2C[C@H]3[C@@H]4N(C)c5ccccc5[C@]45C[C@@H]([C@H]2[C@H]5O)N3[C@@H]1O was tested for hERG channel blocking activity.,1.0
MCI-154,The molecular structure represented by SMILES O=C1CCC(c2ccc(Nc3ccncc3)cc2)=NN1 was tested for hERG channel blocking activity.,1.0
QUINIDINE,The molecular structure represented by SMILES C=C[C@H]1C[NH+]2CC[C@H]1C[C@@H]2[C@@H](O)c1ccnc2ccc(OC)cc12 was tested for hERG channel blocking activity.,1.0
L-365260,The molecular structure represented by SMILES Cc1cccc(NC(=O)N[C@@H]2N=C(c3ccccc3)c3ccccc3N(C)C2=O)c1 was tested for hERG channel blocking activity.,1.0
WOMBAT58,The molecular structure represented by SMILES N#Cc1ccc(Cn2cncc2C[NH+](CC[NH+]2CC[NH2+]CC2)[C@@H]2CCN(Cc3cccc(Cl)c3)C2=O)cc1 was tested for hERG channel blocking activity.,1.0
LAPATINIB,The molecular structure represented by SMILES CS(=O)(=O)CCNCc1ccc(-c2ccc3ncnc(Nc4ccc(OCc5cccc(F)c5)c(Cl)c4)c3c2)o1 was tested for hERG channel blocking activity.,1.0
AMINOMETHYL TETRAHYDRONAPHTHALENE KETOPIPERAZINE 2D,The molecular structure represented by SMILES CCN(CC)Cc1ccc2c(c1)CC[C@H](N1CCN(Cc3ccsc3)CC1=O)C2 was tested for hERG channel blocking activity.,1.0
COCAETHYLENE,The molecular structure represented by SMILES CCOC(=O)[C@@H]1[C@@H](OC(=O)c2ccccc2)C[C@@H]2CC[C@H]1[NH+]2C was tested for hERG channel blocking activity.,1.0
PALIPERIDONE,The molecular structure represented by SMILES Cc1nc2n(c(=O)c1CCN1CCC(c3noc4cc(F)ccc34)CC1)CCC[C@@H]2O was tested for hERG channel blocking activity.,1.0
ROPINIROLE HYDROCHLORIDE,The molecular structure represented by SMILES CCCN(CCC)CCc1cccc2c1CC(=O)N2.Cl was tested for hERG channel blocking activity.,1.0
"(4R)-4-(4-FLUOROPHENYL)-8-[1-(4-FLUOROPHENYL)CYCLOHEXYL]-2,8-DIAZASPIRO[4.5]DECAN-1-ONE",The molecular structure represented by SMILES O=C1NC[C@@H](c2ccc(F)cc2)C12CCN(C1(c3ccc(F)cc3)CCCCC1)CC2 was tested for hERG channel blocking activity.,1.0
BMCL-16-2007-1777-15,The molecular structure represented by SMILES CN(CCCN)C(=O)N1CC(c2cc(F)ccc2F)=C[C@H]1c1ccccc1 was tested for hERG channel blocking activity.,1.0
DESIPRAMINE,The molecular structure represented by SMILES C[NH2+]CCCN1c2ccccc2CCc2ccccc21 was tested for hERG channel blocking activity.,1.0
BMCL-16-2006-4313-27,The molecular structure represented by SMILES O=C1NC[C@@H](c2ccccc2)C12CCN([C@H]1CCCC[C@@H]1c1ccccc1)CC2 was tested for hERG channel blocking activity.,1.0
JMC20066569-1,The molecular structure represented by SMILES O=C(NC1CCN(Cc2ccc3c(c2)OCO3)CC1)c1cc(=O)c2cc(Cl)c(Cl)cc2o1 was tested for hERG channel blocking activity.,1.0
MIBEFRADIL,The molecular structure represented by SMILES COCC(=O)O[C@@]1(CC[NH+](C)CCCc2nc3ccccc3[nH]2)CCc2cc(F)ccc2[C@@H]1C(C)C was tested for hERG channel blocking activity.,1.0
NIFEKALANT,The molecular structure represented by SMILES Cn1c(NCCN(CCO)CCCc2ccc([N+](=O)[O-])cc2)cc(=O)n(C)c1=O was tested for hERG channel blocking activity.,1.0
CHLORPROMAZINE,The molecular structure represented by SMILES C[NH+](C)CCCN1c2ccccc2Sc2ccc(Cl)cc21 was tested for hERG channel blocking activity.,1.0
BMCL20031829_17,The molecular structure represented by SMILES CCC(CC)c1cn(-c2ccc(F)cc2)c2ccc(Cl)cc12 was tested for hERG channel blocking activity.,1.0
1-{4-[({4-[(4-BROMO-2-FLUOROPHENYL)AMINO]-6-METHOXYQUINAZOLIN-7-YL}OXY)METHYL]PIPERIDIN-1-YL}-2-(DIMETHYLAMINO)ETHANONE,The molecular structure represented by SMILES COc1cc2c(Nc3ccc(Br)cc3F)ncnc2cc1OCC1CCN(C(=O)CN(C)C)CC1 was tested for hERG channel blocking activity.,1.0
BMCL-16-2007-1777-20,The molecular structure represented by SMILES CC(C)(C)[C@@H](N)C(=O)N1CC(c2cc(F)ccc2F)=C[C@H]1c1ccccc1 was tested for hERG channel blocking activity.,1.0
WOMBAT01,The molecular structure represented by SMILES Fc1ccc2c([C@@H]3C[NH2+]CC[C@H]3F)c(-c3ccsc3)[nH]c2c1 was tested for hERG channel blocking activity.,1.0
TERODILINE,The molecular structure represented by SMILES C[C@H](CC(c1ccccc1)c1ccccc1)[NH2+]C(C)(C)C was tested for hERG channel blocking activity.,1.0
PRAZOSIN,The molecular structure represented by SMILES COc1cc2nc(N3CCN(C(=O)c4ccco4)CC3)nc(N)c2cc1OC was tested for hERG channel blocking activity.,1.0
,The molecular structure represented by SMILES COc1cc2nc(N3CCN(C(=O)c4ccco4)CC3)[nH]c(=N)c2cc1OC was tested for hERG channel blocking activity.,1.0
1-(BIS(4-FLUOROPHENYL)METHYL)PIPERAZINE,The molecular structure represented by SMILES Fc1ccc(C(c2ccc(F)cc2)N2CCNCC2)cc1 was tested for hERG channel blocking activity.,1.0
WOMBAT40,The molecular structure represented by SMILES Fc1ccc(-c2[nH]c3cc(F)ccc3c2[C@@H]2C[NH2+]CC[C@@H]2F)cc1 was tested for hERG channel blocking activity.,1.0
2-AMINO-N-PYRIMIDIN-4-YLACETAMIDE-3,The molecular structure represented by SMILES Cc1ccc(-c2nc(NC(=O)CN3CCC(CN(C)C)CC3)cc(-n3nccc3C)n2)o1 was tested for hERG channel blocking activity.,1.0
"1,4-DIHYDROINDENO[1,2-C]PYRAZOL_85",The molecular structure represented by SMILES C(#Cc1cc(-c2n[nH]c3c2Cc2cc(Cn4cncn4)ccc2-3)cs1)COc1ccccc1 was tested for hERG channel blocking activity.,1.0
AMINOMETHYL TETRAHYDRONAPHTHALENE KETOPIPERAZINE 2B,The molecular structure represented by SMILES CCN(CC)Cc1ccc2c(c1)CC[C@H](N1CCN(CCc3cc(N)cc(C(F)(F)F)c3)CC1=O)C2 was tested for hERG channel blocking activity.,1.0
BMCL-16-2006-4313-12c,The molecular structure represented by SMILES O=C1NC[C@@H](c2ccccc2)C12CCN([C@H]1CCCC[C@@]1(O)C1CCC(F)CC1)CC2 was tested for hERG channel blocking activity.,1.0
BMCL20031829_19,The molecular structure represented by SMILES CCC(=O)c1cn(-c2ccc(F)cc2)c2ccc(Cl)cc12 was tested for hERG channel blocking activity.,1.0
DONEPEZIL,The molecular structure represented by SMILES COc1cc2c(cc1OC)C(=O)[C@@H](CC1CC[NH+](Cc3ccccc3)CC1)C2 was tested for hERG channel blocking activity.,1.0
AMINOMETHYL TETRAHYDRONAPHTHALENE KETOPIPERAZINE 4A,The molecular structure represented by SMILES O=C1CN(CCc2ccc(F)cc2)CCN1[C@H]1CCc2cc(CN3CCC(C(F)(F)F)CC3)ccc2C1 was tested for hERG channel blocking activity.,1.0
AMLODIPINE,The molecular structure represented by SMILES CCOC(=O)C1=C(COCC[NH3+])NC(C)=C(C(=O)OC)[C@H]1c1ccccc1Cl was tested for hERG channel blocking activity.,1.0
RENZAPRIDE,The molecular structure represented by SMILES COc1cc(N)c(Cl)cc1C(=O)N[C@H]1CC[NH+]2CCC[C@H]1C2 was tested for hERG channel blocking activity.,1.0
MICONAZOLE,The molecular structure represented by SMILES Clc1ccc(CO[C@@H](Cn2ccnc2)c2ccc(Cl)cc2Cl)c(Cl)c1 was tested for hERG channel blocking activity.,1.0
WOMBAT55,The molecular structure represented by SMILES F[C@H]1CC[NH2+]C[C@H]1c1c(-c2ccccc2)[nH]c2c(Cl)cccc12 was tested for hERG channel blocking activity.,1.0
LAAM,The molecular structure represented by SMILES CC[C@@H](OC(C)=O)C(C[C@@H](C)[NH+](C)C)(c1ccccc1)c1ccccc1 was tested for hERG channel blocking activity.,1.0
BMCL-16-2007-1777-16,The molecular structure represented by SMILES CC(C)(CN)C(=O)N1CC(c2cc(F)ccc2F)=C[C@@H]1c1ccccc1 was tested for hERG channel blocking activity.,1.0
CONIVAPTAN,The molecular structure represented by SMILES Cc1nc2c([nH]1)CCN(C(=O)c1ccc(NC(=O)c3ccccc3-c3ccccc3)cc1)c1ccccc1-2 was tested for hERG channel blocking activity.,1.0
LORATADINE,The molecular structure represented by SMILES CCOC(=O)N1CCC(=C2c3ccc(Cl)cc3CCc3cccnc32)CC1 was tested for hERG channel blocking activity.,1.0
NORFLUOXETINE,The molecular structure represented by SMILES NCC[C@H](Oc1ccc(C(F)(F)F)cc1)c1ccccc1 was tested for hERG channel blocking activity.,1.0
APOMORPHINE HYDROCHLORIDE,The molecular structure represented by SMILES CN1CCc2cccc3c2[C@H]1Cc1ccc(O)c(O)c1-3.Cl was tested for hERG channel blocking activity.,1.0
BMCL-16-2007-1777-17,The molecular structure represented by SMILES CC(C)[C@@H](N)C(=O)N1CC(c2cc(F)ccc2F)=C[C@@H]1c1ccccc1 was tested for hERG channel blocking activity.,1.0
L-ALPHA-ACETYLMETHADOL,The molecular structure represented by SMILES CC[C@H](OC(C)=O)C(C[C@H](C)N(C)C)(c1ccccc1)c1ccccc1 was tested for hERG channel blocking activity.,1.0
CHLOROQUINE,The molecular structure represented by SMILES CC[NH+](CC)CCC[C@@H](C)Nc1ccnc2cc(Cl)ccc12 was tested for hERG channel blocking activity.,1.0
JMC20066569-20,The molecular structure represented by SMILES O=C(NC1CCN(Cc2ccc3c(c2)OCO3)CC1)c1cc(=O)c2ccc(Br)cc2o1 was tested for hERG channel blocking activity.,1.0
TEDISAMIL,The molecular structure represented by SMILES C1CCC2(C1)C1C[NH+](CC3CC3)CC2C[NH+](CC2CC2)C1 was tested for hERG channel blocking activity.,1.0
WOMBAT38,The molecular structure represented by SMILES Fc1ccc2c([C@@H]3C[NH2+]CC[C@@H]3F)c(C3=CNC=CC3)[nH]c2c1 was tested for hERG channel blocking activity.,1.0
BTHP,The molecular structure represented by SMILES COc1cc2c(cc1OC)[C@@H]1Cc3ccc(OC)c(OC)c3[C@@H](Cc3ccccc3)N1CC2 was tested for hERG channel blocking activity.,1.0
MEFLOQUINE,The molecular structure represented by SMILES O[C@@H](c1cc(C(F)(F)F)nc2c(C(F)(F)F)cccc12)[C@H]1CCCC[NH2+]1 was tested for hERG channel blocking activity.,1.0
DAURICINE,The molecular structure represented by SMILES COc1cc2c(cc1OC)[C@@H](Cc1ccc(Oc3cc(C[C@@H]4c5cc(OC)c(OC)cc5CCN4C)ccc3O)cc1)N(C)CC2 was tested for hERG channel blocking activity.,1.0
TRAZODONE,The molecular structure represented by SMILES O=c1n(CCCN2CCN(c3cccc(Cl)c3)CC2)nc2ccccn12 was tested for hERG channel blocking activity.,1.0
NORVERAPAMIL,The molecular structure represented by SMILES COc1ccc(CC[NH2+]CCC[C@@](C#N)(c2ccc(OC)c(OC)c2)C(C)C)cc1OC was tested for hERG channel blocking activity.,1.0
WOMBAT20,The molecular structure represented by SMILES N#Cc1ccc(Cn2cncc2C[NH2+][C@H]2CCN(c3ccncc3)C2=O)cc1 was tested for hERG channel blocking activity.,1.0
ALOSETRON,The molecular structure represented by SMILES Cc1nc[nH]c1CN1CCc2c(c3ccccc3n2C)C1=O was tested for hERG channel blocking activity.,1.0
AMINOMETHYL TETRAHYDRONAPHTHALENE KETOPIPERAZINE 2A,The molecular structure represented by SMILES CCN(CC)Cc1ccc2c(c1)CC[C@H](N1CCN(CCc3ccc(Cl)cc3)CC1=O)C2 was tested for hERG channel blocking activity.,1.0
IMIPRAMINE HYDROCHLORIDE,The molecular structure represented by SMILES CN(C)CCCN1c2ccccc2CCc2ccccc21 was tested for hERG channel blocking activity.,1.0
BMCL-16-2007-1777-19,The molecular structure represented by SMILES N[C@@H](C(=O)N1CC(c2cc(F)ccc2F)=C[C@H]1c1ccccc1)C1CC1 was tested for hERG channel blocking activity.,1.0
BMCL20031829_22,The molecular structure represented by SMILES CCc1cn(-c2ccc(F)cc2)c2ccc(Cl)cc12 was tested for hERG channel blocking activity.,1.0
TRIFLUOPERAZINE HYDROCHLORIDE,The molecular structure represented by SMILES CN1CCN(CCCN2c3ccccc3Sc3ccc(C(F)(F)F)cc32)CC1 was tested for hERG channel blocking activity.,1.0
JMC20066569-18,The molecular structure represented by SMILES O=C(NC1CCN(Cc2ccc3c(c2)OCO3)CC1)c1cc(=O)c2ccc(OC(F)F)cc2o1 was tested for hERG channel blocking activity.,1.0
JMC20066569-21,The molecular structure represented by SMILES O=C(NC1CCN(Cc2ccc3c(c2)OCO3)CC1)c1cc(=O)c2ccc(Cl)cc2o1 was tested for hERG channel blocking activity.,1.0
NORPROPOXYPHENE,The molecular structure represented by SMILES CCC(=O)O[C@](Cc1ccccc1)(c1ccccc1)[C@H](C)C[NH2+]C was tested for hERG channel blocking activity.,1.0
GRANISETRON,The molecular structure represented by SMILES Cn1nc(C(=O)NC2C[C@@H]3CCC[C@H](C2)[NH+]3C)c2ccccc21 was tested for hERG channel blocking activity.,1.0
FLUVOXAMINE,The molecular structure represented by SMILES COCCCC/C(=N\OCC[NH3+])c1ccc(C(F)(F)F)cc1 was tested for hERG channel blocking activity.,1.0
FLECAINIDE,The molecular structure represented by SMILES O=C(NC[C@H]1CCCC[NH2+]1)c1cc(OCC(F)(F)F)ccc1OCC(F)(F)F was tested for hERG channel blocking activity.,1.0
BUSPIRONE,The molecular structure represented by SMILES O=C1CC2(CCCC2)CC(=O)N1CCCCN1CCN(c2ncccn2)CC1 was tested for hERG channel blocking activity.,1.0
AMINOMETHYL TETRAHYDRONAPHTHALENE KETOPIPERAZINE 4B,The molecular structure represented by SMILES O=C1CN(CCc2ccc(F)cc2)CCN1[C@H]1CCc2cc(Cn3ccnc3)ccc2C1 was tested for hERG channel blocking activity.,1.0
JMC20066569-30,The molecular structure represented by SMILES O=C(NC1CCN(Cc2ccc3c(c2)OCO3)CC1)c1cc(=O)c2cc(F)ccc2o1 was tested for hERG channel blocking activity.,1.0
N-DESMETHYLCLOZAPINE,The molecular structure represented by SMILES Clc1ccc2c(c1)N=C(N1CCNCC1)c1ccccc1N2 was tested for hERG channel blocking activity.,1.0
WOMBAT32,The molecular structure represented by SMILES Fc1ccc2c([C@@H]3C[NH2+]CC[C@@H]3F)c(-c3ccccc3)[nH]c2c1 was tested for hERG channel blocking activity.,1.0
PRUCALOPRIDE,The molecular structure represented by SMILES COCCC[NH+]1CCC(NC(=O)c2cc(Cl)c(N)c3c2OCC3)CC1 was tested for hERG channel blocking activity.,1.0
2-AMINO-N-PYRIMIDIN-4-YLACETAMIDE-4,The molecular structure represented by SMILES Cc1ccc(-c2nc(NC(=O)CC3CCN(C)CC3)cc(-n3nccc3C)n2)o1 was tested for hERG channel blocking activity.,1.0
CHLOROBUTANOL,The molecular structure represented by SMILES CC(C)(O)C(Cl)(Cl)Cl was tested for hERG channel blocking activity.,1.0
DESLORATIDINE,The molecular structure represented by SMILES Clc1ccc2c(c1)CCc1cccnc1C2=C1CC[NH2+]CC1 was tested for hERG channel blocking activity.,1.0
"6-(4-CHLOROPHENYL)-3-{4-[(3S)-3-HYDROXYPYRROLIDIN-1-YL]-3-METHOXYPHENYL}THIENO[3,2-D]PYRIMIDIN-4(3H)-ONE",The molecular structure represented by SMILES COc1cc(-n2cnc3cc(-c4ccc(Cl)cc4)sc3c2=O)ccc1N1CC[C@H](O)C1 was tested for hERG channel blocking activity.,1.0
NORCLOZAPINE,The molecular structure represented by SMILES Clc1ccc2c(c1)N=C(N1CC[NH2+]CC1)c1ccccc1N2 was tested for hERG channel blocking activity.,1.0
BMCL20031829_18,The molecular structure represented by SMILES C[C@@H](O)c1cn(-c2ccc(F)cc2)c2ccc(Cl)cc12 was tested for hERG channel blocking activity.,1.0
WOMBAT29,The molecular structure represented by SMILES c1ccc(-c2[nH]c3ccccc3c2[C@H]2CCC[NH2+]C2)cc1 was tested for hERG channel blocking activity.,1.0
AMOXAPINE,The molecular structure represented by SMILES Clc1ccc2c(c1)C(N1CCNCC1)=Nc1ccccc1O2 was tested for hERG channel blocking activity.,1.0
DEXTROMETHORPHAN,The molecular structure represented by SMILES COc1ccc2c(c1)[C@]13CCCC[C@@H]1[C@H](C2)N(C)CC3 was tested for hERG channel blocking activity.,1.0
"1,4-DIHYDROINDENO[1,2-C]PYRAZOL_50",The molecular structure represented by SMILES COCCOCC#Cc1cc(-c2n[nH]c3c2C(=O)c2cc(CN4CCN(C)CC4)ccc2-3)cs1 was tested for hERG channel blocking activity.,1.0
JMC20066569-47,The molecular structure represented by SMILES COc1ccc(CN2CCC(NC(=O)c3cc(=O)c4ccc(F)cc4o3)CC2)cc1 was tested for hERG channel blocking activity.,1.0
WOMBAT37,The molecular structure represented by SMILES Fc1ccc2c([C@@H]3C[NH2+]CC[C@@H]3F)c(C3CCCCCC3)[nH]c2c1 was tested for hERG channel blocking activity.,1.0
AMITRIPTYLINE HYDROCHLORIDE,The molecular structure represented by SMILES CN(C)CCC=C1c2ccccc2CCc2ccccc21 was tested for hERG channel blocking activity.,1.0
DULOXETINE,The molecular structure represented by SMILES CN(C)C[C@@H](c1ccc(O)cc1)C1(O)CCCCC1 was tested for hERG channel blocking activity.,1.0
JMC20066569-42,The molecular structure represented by SMILES O=C(NC1CCN(Cc2ccc3c(c2)OC(F)(F)O3)CC1)c1cc(=O)c2ccc(F)cc2o1 was tested for hERG channel blocking activity.,1.0
WOMBAT30,The molecular structure represented by SMILES c1ccc(-c2[nH]c3ccccc3c2C2CC[NH2+]CC2)cc1 was tested for hERG channel blocking activity.,1.0
QUETIAPINE,The molecular structure represented by SMILES OCCOCC[NH+]1CCN(C2=Nc3ccccc3Sc3ccccc32)CC1 was tested for hERG channel blocking activity.,1.0
DOLASETRON,The molecular structure represented by SMILES O=C(OC1C[C@H]2CC3C[C@H](C1)[NH+]2CC3=O)C1=c2ccccc2=NC1 was tested for hERG channel blocking activity.,1.0
EGCG,The molecular structure represented by SMILES O=C(O[C@@H]1Cc2c(O)cc(O)cc2O[C@@H]1c1cc(O)c(O)c(O)c1)c1cc(O)c(O)c(O)c1 was tested for hERG channel blocking activity.,1.0
WOMBAT66,The molecular structure represented by SMILES N#Cc1ccc(Cn2cncc2C[NH2+][C@@H]2CCN(C(=O)c3cncc(Br)c3)C2=O)cc1 was tested for hERG channel blocking activity.,1.0
JMC20066569-36,The molecular structure represented by SMILES O=C(NC1CCN(Cc2ccc3c(c2)OCO3)CC1)c1cc(=O)c2cc(Cl)c(Cl)cc2o1 was tested for hERG channel blocking activity.,1.0
SERTINDOLE10,The molecular structure represented by SMILES Fc1ccc(-n2cc(C3CC[NH+](CCN4CCNC4=S)CC3)c3cc(Cl)ccc32)cc1 was tested for hERG channel blocking activity.,1.0
ATOMOXETINE,The molecular structure represented by SMILES CNCC[C@@H](Oc1ccccc1C)c1ccccc1 was tested for hERG channel blocking activity.,1.0
BMCL-16-2006-17782-21,The molecular structure represented by SMILES CN(C(=O)N1CC(c2cc(F)ccc2F)=C[C@H]1c1cccc(O)c1)C1CCNCC1 was tested for hERG channel blocking activity.,1.0
CHROMANOL,The molecular structure represented by SMILES CCS(=O)(=O)C[NH2+][C@@H]1c2cc(C[NH3+])ccc2OC(C)(C)[C@H]1O was tested for hERG channel blocking activity.,1.0
WOMBAT02,The molecular structure represented by SMILES C[NH+]1CCCC[C@@H]1c1c(-c2ccccc2)[nH]c2ccccc12 was tested for hERG channel blocking activity.,1.0
WOMBAT39,The molecular structure represented by SMILES Fc1ccc2[nH]c(-c3ccccc3)c([C@@H]3C[NH2+]CC[C@@H]3F)c2c1 was tested for hERG channel blocking activity.,1.0
WOMBAT64,The molecular structure represented by SMILES F[C@H]1CC[NH2+]C[C@H]1c1c(-c2ccccc2)[nH]c2ccc(Cl)cc12 was tested for hERG channel blocking activity.,1.0
COCAINE,The molecular structure represented by SMILES COC(=O)[C@H]1[C@H](OC(=O)c2ccccc2)C[C@@H]2CC[C@H]1[NH+]2C was tested for hERG channel blocking activity.,1.0
WOMBAT21,The molecular structure represented by SMILES N#Cc1ccc(Cn2cncc2C[NH2+][C@H]2CCN(Cc3ccccc3)C2=O)cc1 was tested for hERG channel blocking activity.,1.0
DISOPYRAMIDE PHOSPHATE,The molecular structure represented by SMILES CC(C)N(CC[C@@](C(N)=O)(c1ccccc1)c1ccccn1)C(C)C was tested for hERG channel blocking activity.,1.0
PAPAVERINE,The molecular structure represented by SMILES COc1ccc(Cc2nccc3cc(OC)c(OC)cc23)cc1OC was tested for hERG channel blocking activity.,1.0
NEFERINE,The molecular structure represented by SMILES COc1ccc(C[C@@H]2c3cc(Oc4cc(C[C@@H]5c6cc(OC)c(OC)cc6CCN5C)ccc4O)c(OC)cc3CCN2C)cc1 was tested for hERG channel blocking activity.,1.0
BUPRENORPHINE,The molecular structure represented by SMILES CO[C@]12CC[C@@]3(C[C@@H]1[C@@](C)(O)C(C)(C)C)[C@H]1Cc4ccc(O)c5c4[C@@]3(CC[NH+]1CC1CC1)[C@H]2O5 was tested for hERG channel blocking activity.,1.0
PERHEXILENE,The molecular structure represented by SMILES C1CCC(C(C[C@H]2CCCC[NH2+]2)C2CCCCC2)CC1 was tested for hERG channel blocking activity.,1.0
WOMBAT18,The molecular structure represented by SMILES CSc1ncccc1C(=O)N1CC[C@@H]([NH2+]Cc2cncn2Cc2ccc(C#N)cc2)C1=O was tested for hERG channel blocking activity.,1.0
SERTRALINE,The molecular structure represented by SMILES C[NH2+][C@H]1CC[C@@H](c2ccc(Cl)c(Cl)c2)c2ccccc21 was tested for hERG channel blocking activity.,1.0
LUMEFANTRINE,The molecular structure represented by SMILES CCCC[NH+](CCCC)C[C@H](O)c1cc(Cl)cc2c1-c1ccc(Cl)cc1/C2=C\c1ccc(Cl)cc1 was tested for hERG channel blocking activity.,1.0
RITONAVIR,The molecular structure represented by SMILES CC(C)c1nc(CN(C)C(=O)N[C@H](C(=O)N[C@@H](Cc2ccccc2)C[C@H](O)[C@H](Cc2ccccc2)NC(=O)OCc2cncs2)C(C)C)cs1 was tested for hERG channel blocking activity.,1.0
WOMBAT35,The molecular structure represented by SMILES COC(=O)c1[nH]c2cc(F)ccc2c1[C@@H]1C[NH2+]CC[C@H]1F was tested for hERG channel blocking activity.,1.0
BMCL-16-2006-17782-15,The molecular structure represented by SMILES CC(C)[C@H](N)C(=O)N1CC(c2cc(F)ccc2F)=C[C@@H]1c1cccc(O)c1 was tested for hERG channel blocking activity.,1.0
JMC20066569-52,The molecular structure represented by SMILES COc1ccc(CN2CCC(NC(=O)c3cc(=O)c4ccc(F)cc4o3)CC2)cc1F was tested for hERG channel blocking activity.,1.0
LOPINAVIR,The molecular structure represented by SMILES Cc1cccc(C)c1OCC(=O)N[C@H](Cc1ccccc1)[C@H](O)C[C@@H](Cc1ccccc1)NC(=O)[C@@H](C(C)C)N1CCCNC1=O was tested for hERG channel blocking activity.,1.0
SILODOSIN,The molecular structure represented by SMILES C[C@H](Cc1cc2c(c(C(N)=O)c1)N(CCCO)CC2)NCCOc1ccccc1OCC(F)(F)F was tested for hERG channel blocking activity.,1.0
ICI-118551,The molecular structure represented by SMILES Cc1ccc(OC[C@H](O)[C@H](C)NC(C)C)c2c1CCC2 was tested for hERG channel blocking activity.,1.0
WOMBAT05,The molecular structure represented by SMILES C[NH+]1CCC[C@H](c2c(-c3ccccc3)[nH]c3ccccc23)C1 was tested for hERG channel blocking activity.,1.0
AMITRIPTYLINE,The molecular structure represented by SMILES C[NH+](C)CCC=C1c2ccccc2CCc2ccccc21 was tested for hERG channel blocking activity.,1.0
CELECOXIB,The molecular structure represented by SMILES Cc1ccc(-c2cc(C(F)(F)F)nn2-c2ccc(S(N)(=O)=O)cc2)cc1 was tested for hERG channel blocking activity.,1.0
FAMOTIDINE,The molecular structure represented by SMILES NC(N)=[NH+]c1nc(CSCC/C(N)=[NH+]/S(N)(=O)=O)cs1 was tested for hERG channel blocking activity.,1.0
HMR-1556,The molecular structure represented by SMILES CN([C@@H]1c2cc(OCCCC(F)(F)F)ccc2OC(C)(C)[C@H]1O)S(C)(=O)=O was tested for hERG channel blocking activity.,1.0
HY-2901,The molecular structure represented by SMILES CC(C)(CN1CCC(=C2c3ccc(F)cc3COc3ccccc32)CC1)C(=O)O was tested for hERG channel blocking activity.,1.0
ISOBUTYLMETHYLXANTHINE,The molecular structure represented by SMILES CC(C)Cn1c(=O)n(C)c(=O)c2[nH]cnc21 was tested for hERG channel blocking activity.,1.0
MEXILETINE,The molecular structure represented by SMILES Cc1cccc(C)c1OC[C@@H](C)[NH3+] was tested for hERG channel blocking activity.,1.0
N-{(1S)-2-[(3S)-3-HYDROXYPYRROLIDIN-1-YL]-1-PHENYLETHYL}-N-METHYL-2-(4-{[(METHYLSULFONYL)AMINO]METHYL}PHENYL)ACETAMIDE,The molecular structure represented by SMILES CN(C(=O)Cc1ccc(CNS(C)(=O)=O)cc1)[C@@H](CN1CC[C@@H](O)C1)c1ccccc1 was tested for hERG channel blocking activity.,1.0
SERTINDOLE2,The molecular structure represented by SMILES O=C1NCCN1CC[NH+]1CC=C(c2cn(-c3ccc(F)cc3)c3ccc(Cl)cc23)CC1 was tested for hERG channel blocking activity.,1.0
TRIMETHAPHAN,The molecular structure represented by SMILES O=C1N(Cc2ccccc2)[C@H]2[C@H](C[S+]3CCC[C@H]23)N1Cc1ccccc1 was tested for hERG channel blocking activity.,1.0
WOMBAT25,The molecular structure represented by SMILES Cc1ncccc1C(=O)N1CC[C@H]([NH2+]Cc2cncn2Cc2ccc(C#N)cc2)C1=O was tested for hERG channel blocking activity.,1.0
"1-{4-[2-({4-[(2,3-DIMETHYL-1H-INDOL-5-YL)OXY]-6-METHOXYQUINAZOLIN-7-YL}OXY)ETHYL]PIPERAZIN-1-YL}PROPAN-2-ONE",The molecular structure represented by SMILES COc1cc2c(Oc3ccc4[nH]c(C)c(C)c4c3)ncnc2cc1OCCN1CCN(CC(C)=O)CC1 was tested for hERG channel blocking activity.,1.0
BUDIPINE,The molecular structure represented by SMILES CC(C)(C)N1CCC(c2ccccc2)(c2ccccc2)CC1 was tested for hERG channel blocking activity.,1.0
JMC20066569-46,The molecular structure represented by SMILES COc1cccc(CN2CCC(NC(=O)c3cc(=O)c4ccc(F)cc4o3)CC2)c1 was tested for hERG channel blocking activity.,1.0
JMC20066569-34,The molecular structure represented by SMILES O=C(NC1CCN(Cc2ccc3c(c2)OCO3)CC1)c1cc(=O)c2cc(F)c(Cl)cc2o1 was tested for hERG channel blocking activity.,1.0
AMINOMETHYL TETRAHYDRONAPHTHALENE KETOPIPERAZINE 4E,The molecular structure represented by SMILES O=C1CN(CCc2ccc(F)cc2)CCN1[C@H]1CCc2cc(CN3CCCCC3)ccc2C1 was tested for hERG channel blocking activity.,1.0
JMC20066569-2,The molecular structure represented by SMILES COc1ccc2c(=O)cc(C(=O)NC3CCN(Cc4ccc5c(c4)OCO5)CC3)oc2c1 was tested for hERG channel blocking activity.,1.0
"1,4-DIHYDROINDENO[1,2-C]PYRAZOL_90",The molecular structure represented by SMILES COCCOCC#Cc1cc(-c2n[nH]c3c2Cc2ccc(Cn4cncn4)cc2-3)cs1 was tested for hERG channel blocking activity.,1.0
NORACETYLMETHADOL,The molecular structure represented by SMILES CC[C@@H](O)C(C[C@@H](C)NC)(c1ccccc1)c1ccccc1 was tested for hERG channel blocking activity.,1.0
JMC20066569-44,The molecular structure represented by SMILES O=C(NC1CCN(Cc2ccc3c(c2)OCCO3)CC1)c1cc(=O)c2ccc(F)cc2o1 was tested for hERG channel blocking activity.,1.0
SB-237376,The molecular structure represented by SMILES COc1ccc(CCNCCCNC(=O)c2ccc([N+](=O)[O-])cc2)cc1OC was tested for hERG channel blocking activity.,1.0
LOVASTATIN,The molecular structure represented by SMILES CC[C@@H](C)C(=O)O[C@@H]1C[C@@H](C)C=C2C=C[C@@H](C)[C@@H](CC[C@@H]3C[C@@H](O)CC(=O)O3)[C@H]21 was tested for hERG channel blocking activity.,1.0
VARDENAFIL,The molecular structure represented by SMILES CCCc1nc(C)c2c(=O)nc(-c3cc(S(=O)(=O)N4CC[NH+](CC)CC4)ccc3OCC)[nH]n12 was tested for hERG channel blocking activity.,1.0
AMINOMETHYL TETRAHYDRONAPHTHALENE KETOPIPERAZINE 4F,The molecular structure represented by SMILES CS(=O)(=O)N1CCN(Cc2ccc3c(c2)CC[C@H](N2CCN(CCc4ccc(F)cc4)CC2=O)C3)CC1 was tested for hERG channel blocking activity.,1.0
JMC20066569-43,The molecular structure represented by SMILES O=C(NC1CCN(Cc2cc3c(cc2Cl)OCO3)CC1)c1cc(=O)c2ccc(F)cc2o1 was tested for hERG channel blocking activity.,1.0
"2-METHYL-7-({1-[4-(TRIFLUOROMETHYL)PHENYL]CYCLOPROPYL}METHYL)IMIDAZO[1,2-A]PYRAZIN-8(7H)-ONE HYDROCHLORIDE",The molecular structure represented by SMILES Cc1cn2ccn(CC3(c4ccc(C(F)(F)F)cc4)CC3)c(=O)c2n1 was tested for hERG channel blocking activity.,1.0
N-DEMETHYLOLANZAPINE,The molecular structure represented by SMILES Cc1cc2c(s1)Nc1ccccc1N=C2N1CCNCC1 was tested for hERG channel blocking activity.,1.0
WOMBAT17,The molecular structure represented by SMILES CCSc1ncccc1C(=O)N1CC[C@@H]([NH2+]Cc2cncn2Cc2ccc(C#N)cc2)C1=O was tested for hERG channel blocking activity.,1.0
RANOLAZINE,The molecular structure represented by SMILES COc1ccccc1OC[C@H](O)C[NH+]1CC[NH+](CC(=O)Nc2c(C)cccc2C)CC1 was tested for hERG channel blocking activity.,1.0
SAQUINAVIR,The molecular structure represented by SMILES CC(C)(C)NC(=O)[C@@H]1C[C@@H]2CCCC[C@@H]2C[NH+]1C[C@@H](O)[C@H](Cc1ccccc1)NC(=O)[C@H](CC(N)=O)NC(=O)c1ccc2ccccc2n1 was tested for hERG channel blocking activity.,1.0
BMCL20031829_20,The molecular structure represented by SMILES CCC(O)(CC)c1cn(-c2ccc(F)cc2)c2ccc(Cl)cc12 was tested for hERG channel blocking activity.,1.0
SIBUTRAMINE,The molecular structure represented by SMILES CC(C)C[C@@H]([NH+](C)C)C1(c2ccc(Cl)cc2)CCC1 was tested for hERG channel blocking activity.,1.0
JMC20066569-35,The molecular structure represented by SMILES COc1cc2oc(C(=O)NC3CCN(Cc4ccc5c(c4)OCO5)CC3)cc(=O)c2cc1F was tested for hERG channel blocking activity.,1.0
TERAZOSIN,The molecular structure represented by SMILES COc1cc2nc(N3CCN(C(=O)[C@@H]4CCCO4)CC3)nc(N)c2cc1OC was tested for hERG channel blocking activity.,1.0
DILTIAZEM,The molecular structure represented by SMILES COc1ccc([C@@H]2Sc3ccccc3N(CC[NH+](C)C)C(=O)[C@@H]2OC(C)=O)cc1 was tested for hERG channel blocking activity.,1.0
FEXOFENADINE HYDROCHLORIDE,The molecular structure represented by SMILES CC(C)(C(=O)O)c1ccc([C@H](O)CCCN2CCC(C(O)(c3ccccc3)c3ccccc3)CC2)cc1 was tested for hERG channel blocking activity.,1.0
CAPSAICIN,The molecular structure represented by SMILES COc1cc(CNC(=O)CCCC/C=C/C(C)C)ccc1O was tested for hERG channel blocking activity.,1.0
BMCL-16-2006-17782-17,The molecular structure represented by SMILES O=C([C@@H](O)C1CC1)N1CC(c2cc(F)ccc2F)=C[C@H]1c1cccc(O)c1 was tested for hERG channel blocking activity.,1.0
SPARFLOXACIN,The molecular structure represented by SMILES C[C@H]1CN(c2c(F)c(N)c3c(c2F)[N+](C2CC2)=C[C@@H](C(=O)[O-])C3=O)C[C@@H](C)[NH2+]1 was tested for hERG channel blocking activity.,1.0
"4,4'-DIMETHYLDIPHENHYDRAMINE",The molecular structure represented by SMILES CN(C)CCOC(c1ccccc1)c1ccccc1 was tested for hERG channel blocking activity.,1.0
CHROMANOLOL 293B,The molecular structure represented by SMILES CCS(=O)(=O)N(C)[C@H]1c2cc(C#N)ccc2OC(C)(C)[C@@H]1O was tested for hERG channel blocking activity.,1.0
"5-CHLORO-N-[3-(10,11-DIHYDRO-5H-DIBENZO[B,F]AZEPIN-5-YL)PROPYL]-N-METHYL-1-BENZOFURAN-2-CARBOXAMIDE",The molecular structure represented by SMILES CN(CCCN1c2ccccc2CCc2ccccc21)C(=O)c1cc2cc(Cl)ccc2o1 was tested for hERG channel blocking activity.,1.0
JMC20066569-53,The molecular structure represented by SMILES CC(=O)c1ccc(CN2CCC(NC(=O)c3cc(=O)c4ccc(F)cc4o3)CC2)cc1 was tested for hERG channel blocking activity.,1.0
ROPIVACAINEHCL,The molecular structure represented by SMILES CCCOC(C(=O)OC1CCN(C)CC1)(c1ccccc1)c1ccccc1.Cl was tested for hERG channel blocking activity.,1.0
PILSICAINIDE,The molecular structure represented by SMILES Cc1cccc(C)c1NC(=O)CC12CCC[NH+]1CCC2 was tested for hERG channel blocking activity.,1.0
LEVOBUPIVACAINE HYDROCHLORIDE,The molecular structure represented by SMILES CCCCN1CCCC[C@@H]1C(=O)Nc1c(C)cccc1C was tested for hERG channel blocking activity.,1.0
CHLORPHENIRAMINE,The molecular structure represented by SMILES C[NH+](C)CC[C@H](c1ccc(Cl)cc1)c1ccccn1 was tested for hERG channel blocking activity.,1.0
WOMBAT14,The molecular structure represented by SMILES CC(C)Oc1cc([C@H](C2=CN[C@@H](C(O)(C(F)(F)F)C(F)(F)F)S2)c2cc[n+]([O-])cc2)ccc1OC(F)F was tested for hERG channel blocking activity.,1.0
WOMBAT22,The molecular structure represented by SMILES COc1ncccc1C(=O)N1CC[C@H]([NH2+]Cc2cncn2Cc2ccc(C#N)cc2)C1=O was tested for hERG channel blocking activity.,1.0
WOMBAT43,The molecular structure represented by SMILES CC(C)(O)[C@H]1C=CC([C@H](c2cc[n+](O)cc2)c2ccc(OC(F)F)c(OC3CCC3)c2)=CN1 was tested for hERG channel blocking activity.,1.0
PROCHLORPERAZINE,The molecular structure represented by SMILES C[NH+]1CC[NH+](CCCN2c3ccccc3Sc3ccc(Cl)cc32)CC1 was tested for hERG channel blocking activity.,1.0
WOMBAT44,The molecular structure represented by SMILES CC(C)(O)[C@H]1C=CC([C@H](c2cc[n+]([O-])cc2)c2ccc(OC(F)F)c(OC(F)F)c2)=CN1 was tested for hERG channel blocking activity.,1.0
CIBENZOLINE,The molecular structure represented by SMILES c1ccc(C2(c3ccccc3)C[C@H]2C2=[NH+]CCN2)cc1 was tested for hERG channel blocking activity.,1.0
SERTINDOLE13,The molecular structure represented by SMILES O=C1NCCN1CC[NH+]1CCC(c2cn(-c3ccc(F)cc3)c3ccccc23)CC1 was tested for hERG channel blocking activity.,1.0
ROPIVACAINE HYDROCHLORIDE,The molecular structure represented by SMILES CCCN1CCCC[C@@H]1C(=O)Nc1c(C)cccc1C was tested for hERG channel blocking activity.,1.0
AMINOMETHYL TETRAHYDRONAPHTHALENE KETOPIPERAZINE 4G,The molecular structure represented by SMILES O=C1CN(CCc2ccc(F)cc2)CCN1[C@H]1CCc2cc(CN3CCS(=O)(=O)CC3)ccc2C1 was tested for hERG channel blocking activity.,1.0
ATI-7505,The molecular structure represented by SMILES COc1cc(N)c(Cl)cc1C(=O)N[C@@H]1CCN(CCCCCC(=O)O[C@@H]2CN3CCC2CC3)C[C@@H]1OC was tested for hERG channel blocking activity.,1.0
AMINOMETHYL TETRAHYDRONAPHTHALENE KETOPIPERAZINE 4I,The molecular structure represented by SMILES CN(C)C(=O)[C@@H](CO)N(C)Cc1ccc2c(c1)CC[C@H](N1CCN(CCc3ccc(F)cc3)CC1=O)C2 was tested for hERG channel blocking activity.,1.0
WOMBAT51,The molecular structure represented by SMILES CC(C)(C)Oc1cc([C@H](C2=CN[C@@H](C(C)(C)O)C=C2)c2cc[n+]([O-])cc2)ccc1OC(F)F was tested for hERG channel blocking activity.,1.0
ZAFIRLUKAST,The molecular structure represented by SMILES COc1cc(C(=O)N=S(=O)([O-])c2ccccc2C)ccc1Cc1cn(C)c2ccc(NC(=O)OC3CCCC3)cc12 was tested for hERG channel blocking activity.,1.0
OXYBUTYNIN,The molecular structure represented by SMILES CC[NH+](CC)CC#CCOC(=O)[C@@](O)(c1ccccc1)C1CCCCC1 was tested for hERG channel blocking activity.,1.0
WOMBAT45,The molecular structure represented by SMILES CC(C)(O)[C@H]1C=CC([C@@H](c2cc[n+]([O-])cc2)c2ccc(OC(F)F)c(OC(F)F)c2)=CN1 was tested for hERG channel blocking activity.,1.0
"3-BROMO-2-METHYL-7-[(1-PHENYLCYCLOPROPYL)METHYL]IMIDAZO[1,2-A]PYRAZIN-8(7H)-ONE HYDROCHLORIDE",The molecular structure represented by SMILES Cc1nc2c(=O)n(CC3(c4ccccc4)CC3)ccn2c1Br was tested for hERG channel blocking activity.,1.0
BMCL20031829_16,The molecular structure represented by SMILES CN(C)Cc1cc2cc(Cl)ccc2n1-c1ccc(F)cc1 was tested for hERG channel blocking activity.,1.0
DIPHENHYDRAMINE,The molecular structure represented by SMILES C[NH+](C)CCOC(c1ccccc1)c1ccccc1 was tested for hERG channel blocking activity.,1.0
CETIRIZINE,The molecular structure represented by SMILES O=C([O-])COCC[NH+]1CC[NH+]([C@H](c2ccccc2)c2ccc(Cl)cc2)CC1 was tested for hERG channel blocking activity.,1.0
BMCL-16-2006-17782-19,The molecular structure represented by SMILES CN(C)C(=O)N1CC(c2cc(F)ccc2F)=C[C@@H]1c1cccc(O)c1 was tested for hERG channel blocking activity.,1.0
SERTINDOLE8,The molecular structure represented by SMILES COCc1ccc(-n2cc(C3CC[NH+](CCN4CCNC4=O)CC3)c3cc(Cl)ccc32)cc1 was tested for hERG channel blocking activity.,1.0
ROXITHROMYCIN,The molecular structure represented by SMILES CC[C@H]1OC(=O)[C@@H](C)[C@@H](O[C@H]2C[C@@](C)(OC)[C@@H](O)[C@H](C)O2)[C@H](C)[C@@H](O[C@@H]2O[C@H](C)C[C@H]([NH+](C)C)[C@@H]2O)[C@](C)(O)C[C@@H](C)/C(=N/OCOCCOC)[C@H](C)[C@@H](O)[C@]1(C)O was tested for hERG channel blocking activity.,1.0
WOMBAT16,The molecular structure represented by SMILES CC(C)Oc1cc([C@@H](C2=CN[C@@H](C(O)(C(F)(F)F)C(F)(F)F)S2)c2ccc[n+]([O-])c2)ccc1OC(F)F was tested for hERG channel blocking activity.,1.0
PROCAINE,The molecular structure represented by SMILES CCN(CC)CCOC(=O)c1ccc(N)cc1.CN(C)CCCN1c2ccccc2CCc2ccc(Cl)cc21 was tested for hERG channel blocking activity.,1.0
WOMBAT47,The molecular structure represented by SMILES CC(C)Oc1cc([C@H](C2=CN[C@@H](C(C)(C)O)C=C2)c2cc[n+]([O-])cc2)ccc1OC(F)F was tested for hERG channel blocking activity.,0.0
WOMBAT48,The molecular structure represented by SMILES CC(C)Oc1cc([C@H](C2=CN[C@@H](C(C)(C)O)C=C2)c2ccc[n+]([O-])c2)ccc1OC(F)F was tested for hERG channel blocking activity.,0.0
MARAVIROC,The molecular structure represented by SMILES Cc1nnc(C(C)C)n1C1C[C@@H]2CC[C@H](C1)N2CC[C@H](NC(=O)C1CCC(F)(F)CC1)c1ccccc1 was tested for hERG channel blocking activity.,0.0
WOMBAT50,The molecular structure represented by SMILES CC(C)Oc1cc([C@@H](C2=CN[C@@H](C(C)(C)O)C=C2)c2ccc[n+]([O-])c2)ccc1OC(F)F was tested for hERG channel blocking activity.,0.0
BICIFADINE,The molecular structure represented by SMILES Cc1ccc([C@@]23CNC[C@@H]2C3)cc1 was tested for hERG channel blocking activity.,0.0
JMC20066569-54,The molecular structure represented by SMILES CC(=O)Nc1ccc(CN2CCC(NC(=O)c3cc(=O)c4ccc(F)cc4o3)CC2)cc1 was tested for hERG channel blocking activity.,0.0
EDDP,The molecular structure represented by SMILES CCOP(=O)(Sc1ccccc1)Sc1ccccc1 was tested for hERG channel blocking activity.,0.0
SEMATILIDE,The molecular structure represented by SMILES CC[NH+](CC)CCNC(=O)c1ccc(NS(C)(=O)=O)cc1 was tested for hERG channel blocking activity.,0.0
WOMBAT23,The molecular structure represented by SMILES N#Cc1ccc(Cn2cncc2C[NH2+][C@H]2CCN(C(=O)c3cccnc3[O-])C2=O)cc1 was tested for hERG channel blocking activity.,0.0
WOMBAT24,The molecular structure represented by SMILES N#Cc1ccc(Cn2cncc2C[NH2+][C@@H]2CCN(C(=O)c3cccnc3N)C2=O)cc1 was tested for hERG channel blocking activity.,0.0
TRIAZOLAM,The molecular structure represented by SMILES Cc1nnc2n1-c1ccc(Cl)cc1C(c1ccccc1Cl)=NC2 was tested for hERG channel blocking activity.,0.0
ISRADIPINE,The molecular structure represented by SMILES COC(=O)C1=C(C)NC(C)=C(C(=O)OC(C)C)[C@H]1c1cccc2nonc12 was tested for hERG channel blocking activity.,0.0
"1,4-DIHYDROINDENO[1,2-C]PYRAZOL_77",The molecular structure represented by SMILES CN1CCN(Cc2ccc3c(c2)Cc2c(-c4csc(C#CCOc5ccccc5)c4)n[nH]c2-3)C(=O)C1 was tested for hERG channel blocking activity.,0.0
WOMBAT49,The molecular structure represented by SMILES CC(C)Oc1cc([C@@H](C2=CCC(=O)N=C2)C2=CN[C@@H](C(C)(C)O)C=C2)ccc1OC(F)F was tested for hERG channel blocking activity.,0.0
WOMBAT12,The molecular structure represented by SMILES CC(C)(C)Oc1cc([C@H](C2=CN[C@H](C(C)(C)O)S2)c2cc[n+]([O-])cc2)ccc1OC(F)F was tested for hERG channel blocking activity.,0.0
CLARITHROMYCIN,The molecular structure represented by SMILES CC[C@@H]1OC(=O)[C@@H](C)[C@H](O[C@H]2C[C@@](C)(OC)[C@@H](O)[C@H](C)O2)[C@H](C)[C@@H](O[C@@H]2O[C@H](C)C[C@@H]([NH+](C)C)[C@@H]2O)[C@@](C)(OC)C[C@@H](C)C(=O)[C@@H](C)[C@@H](O)[C@]1(C)O was tested for hERG channel blocking activity.,0.0
WOMBAT15,The molecular structure represented by SMILES CC(C)(C)Oc1cc([C@H](C2=CN[C@H](C(O)(C(F)(F)F)C(F)(F)F)S2)c2cc[n+]([O-])cc2)ccc1OC(F)F was tested for hERG channel blocking activity.,0.0
GREPAFLOXACIN,The molecular structure represented by SMILES Cc1c(F)c(N2CC[NH2+][C@H](C)C2)cc2c1C(=O)[C@H](C(=O)[O-])C=[N+]2C1CC1 was tested for hERG channel blocking activity.,0.0
"4,4'-DIFLUOROBENZOPHENONE",The molecular structure represented by SMILES O=C(c1ccc(F)cc1)c1ccc(F)cc1 was tested for hERG channel blocking activity.,0.0
"4,4-DIFLUOROBENZOPHENONE",The molecular structure represented by SMILES O=C(c1ccccc1F)c1ccccc1F was tested for hERG channel blocking activity.,0.0
GLIBENCLAMIDE,The molecular structure represented by SMILES COc1ccc(Cl)cc1C(=O)NCCc1ccc(S(=O)([O-])=NC(=O)NC2CCCCC2)cc1 was tested for hERG channel blocking activity.,0.0
GLIMEPIRIDE,The molecular structure represented by SMILES CCC1=C(C)CN(C(=O)NCCc2ccc(S(=O)([O-])=NC(=O)NC3CCC(C)CC3)cc2)C1=O was tested for hERG channel blocking activity.,0.0
SOTALOL,The molecular structure represented by SMILES CC(C)[NH2+]C[C@H](O)c1ccc(NS(C)(=O)=O)cc1 was tested for hERG channel blocking activity.,0.0
PETHIDINE HYDROCHLORIDE,The molecular structure represented by SMILES CCOC(=O)C1(c2ccccc2)CCN(C)CC1 was tested for hERG channel blocking activity.,1.0
BUPROPION,The molecular structure represented by SMILES C[C@@H]([NH2+]C(C)(C)C)C(=O)c1cccc(Cl)c1 was tested for hERG channel blocking activity.,0.0
MOCLOBEMIDE,The molecular structure represented by SMILES O=C(NCCN1CCOCC1)c1ccc(Cl)cc1 was tested for hERG channel blocking activity.,0.0
ALFUZOSIN,The molecular structure represented by SMILES COc1cc2nc(N(C)CCCNC(=O)[C@H]3CCCO3)nc(C)c2cc1OC was tested for hERG channel blocking activity.,0.0
"2-METHYL-7-[(1-PHENYLCYCLOPROPYL)METHYL]IMIDAZO[1,2-A]PYRAZIN-8(7H)-ONE HYDROCHLORIDE",The molecular structure represented by SMILES Cc1cn2ccn(CC3(c4ccccc4)CC3)c(=O)c2n1 was tested for hERG channel blocking activity.,0.0
ENALAPRIL NITRATE,The molecular structure represented by SMILES CCOC(=O)[C@H](CCc1ccccc1)N[C@@H](C)C(=O)N1CCC[C@H]1C(=O)O was tested for hERG channel blocking activity.,0.0
TADAFIL,The molecular structure represented by SMILES CN1CC(=O)N2[C@@H](c3ccc4c(c3)OCO4)c3[nH]c4ccccc4c3C[C@@H]2C1=O was tested for hERG channel blocking activity.,0.0
TADALAFIL,The molecular structure represented by SMILES CN1CC(=O)N2[C@H](Cc3c([nH]c4ccccc34)[C@H]2c2ccc3c(c2)OCO3)C1=O was tested for hERG channel blocking activity.,0.0
JOSAMYCIN,The molecular structure represented by SMILES CO[C@@H]1[C@H](OC(C)=O)CC(=O)O[C@H](C)C/C=C\C=C\[C@H](O)[C@H](C)C[C@H](CC=O)[C@H]1O[C@H]1O[C@H](C)[C@H](O[C@@H]2C[C@@](C)(O)[C@H](OC(=O)CC(C)C)[C@@H](C)O2)[C@H]([NH+](C)C)[C@H]1O was tested for hERG channel blocking activity.,0.0
CANRENOIC,The molecular structure represented by SMILES C[C@@]12CCC(=O)C=C1C=C[C@@H]1[C@H]2CC[C@]2(C)[C@@H]1CC[C@]2(O)CCC(=O)[O-] was tested for hERG channel blocking activity.,0.0
CANRENOIC_ACID,The molecular structure represented by SMILES C[C@]12CC[C@@H]3[C@@H](C=CC4=CC(=O)CC[C@@]43C)[C@H]1CC[C@@]2(O)CCC(=O)O was tested for hERG channel blocking activity.,0.0
TAMSULOSIN,The molecular structure represented by SMILES CCOc1ccccc1OCC[NH2+][C@H](C)Cc1ccc(OC)c(S(N)(=O)=O)c1 was tested for hERG channel blocking activity.,0.0
ARTEMISIN,The molecular structure represented by SMILES CC1=C2[C@@H]3OC(=O)[C@@H](C)[C@@H]3[C@H](O)C[C@]2(C)C=CC1=O was tested for hERG channel blocking activity.,0.0
MORIN,The molecular structure represented by SMILES O=c1c(O)c(-c2ccc(O)cc2O)oc2cc(O)cc(O)c12 was tested for hERG channel blocking activity.,0.0
NITRENDIPINE,The molecular structure represented by SMILES CCOC(=O)C1=C(C)NC(C)=C(C(=O)OC)[C@H]1c1cccc([N+](=O)[O-])c1 was tested for hERG channel blocking activity.,0.0
GATIFLOXACIN,The molecular structure represented by SMILES COc1c(N2CC[NH2+][C@H](C)C2)c(F)cc2c1[N+](C1CC1)=C[C@@H](C(=O)[O-])C2=O was tested for hERG channel blocking activity.,0.0
MOXIFLOXACIN,The molecular structure represented by SMILES COc1c(N2C[C@H]3CCC[NH2+][C@H]3C2)c(F)cc2c1[N+](C1CC1)=C[C@@H](C(=O)[O-])C2=O was tested for hERG channel blocking activity.,0.0
SERTINDOLE7,The molecular structure represented by SMILES COCCc1ccc(-n2cc(C3CC[NH+](CCN4CCNC4=O)CC3)c3cc(Cl)ccc32)cc1 was tested for hERG channel blocking activity.,0.0
PENTOBARBITAL,The molecular structure represented by SMILES CCC[C@@H](C)C1(CC)C(=O)NC(=O)NC1=O was tested for hERG channel blocking activity.,0.0
CLOZAPINE_N_OXYDE,The molecular structure represented by SMILES C[NH+]1CC[NH+]([C@@H]2c3ccccc3Nc3ccc(Cl)cc3N2O)CC1 was tested for hERG channel blocking activity.,0.0
PROCAINAMIDE HYDROCHLORIDE,The molecular structure represented by SMILES CCN(CC)CCNC(=O)c1ccc(N)cc1 was tested for hERG channel blocking activity.,0.0
METOPROLOL,The molecular structure represented by SMILES COCCc1ccc(OC[C@H](O)C[NH2+]C(C)C)cc1 was tested for hERG channel blocking activity.,0.0
N-DEMETHYL-ERYTHROMYCIN,The molecular structure represented by SMILES CC[C@H]1OC(=O)[C@@H](C)[C@@H](O[C@H]2C[C@@](C)(OC)[C@@H](O)[C@H](C)O2)[C@H](C)[C@@H](O[C@@H]2O[C@H](C)C[C@H]([NH2+]C)[C@@H]2O)[C@](C)(O)C[C@@H](C)C(=O)[C@H](C)[C@@H](O)[C@]1(C)O was tested for hERG channel blocking activity.,0.0
N-DESMETHYLERYTHROMYCIN,The molecular structure represented by SMILES CC[C@H]1OC(=O)[C@H](C)[C@H](O[C@H]2C[C@@](C)(O)[C@H](O)[C@@H](C)O2)[C@@H](C)[C@H](O[C@H]2O[C@H](C)C[C@@H]([NH+](C)C)[C@H]2O)[C@](C)(O)C[C@@H](C)C(=O)[C@H](C)[C@@H](O)[C@@]1(C)O was tested for hERG channel blocking activity.,0.0
SITAGLIPTIN,The molecular structure represented by SMILES N[C@@H](CC(=O)N1CCn2c(nnc2C(F)(F)F)C1)Cc1cc(F)c(F)cc1F was tested for hERG channel blocking activity.,0.0
N-DEMETHYLERYTHROMYCIN,The molecular structure represented by SMILES CC[C@H]1OC(=O)[C@H](C)[C@@H](O[C@H]2C[C@@](C)(O)[C@@H](O)[C@H](C)O2)[C@H](C)[C@@H](O[C@@H]2O[C@H](C)C[C@H](N(C)C)[C@H]2O)[C@](C)(O)C[C@@H](C)C(=O)[C@H](C)[C@@H](O)[C@]1(C)O was tested for hERG channel blocking activity.,0.0
MEPIVACAINE (RACEMATE),The molecular structure represented by SMILES Cc1cccc(C)c1NC(=O)[C@@H]1CCCCN1C was tested for hERG channel blocking activity.,0.0
PROTOPINE,The molecular structure represented by SMILES C[NH+]1CCc2cc3c(cc2C(=O)Cc2ccc4c(c2C1)OCO4)OCO3 was tested for hERG channel blocking activity.,0.0
EPINASTINE,The molecular structure represented by SMILES NC1=[NH+]C[C@H]2c3ccccc3Cc3ccccc3N12 was tested for hERG channel blocking activity.,0.0
METHYLECGONIDINE,The molecular structure represented by SMILES COC(=O)C1=CC[C@@H]2CC[C@@H]1[NH+]2C was tested for hERG channel blocking activity.,0.0
IRBESARTAN,The molecular structure represented by SMILES CCCCC1=NC2(CCCC2)C(=O)N1Cc1ccc(-c2ccccc2-c2nn[n-]n2)cc1 was tested for hERG channel blocking activity.,0.0
SERTINDOLE14,The molecular structure represented by SMILES Fc1ccc(-n2cc(C3CC[NH2+]CC3)c3cc(Cl)ccc32)cc1 was tested for hERG channel blocking activity.,0.0
DW-224A,The molecular structure represented by SMILES CO/N=C1\CN(c2nc3c(cc2F)C(=O)[C@H](C(=O)O)CN3C2CC2)CC12CNC2 was tested for hERG channel blocking activity.,0.0
ARTICAINE,The molecular structure represented by SMILES CCCN[C@@H](C)C(=O)Nc1c(C)csc1C(=O)OC was tested for hERG channel blocking activity.,0.0
TRIMETHOPRIM,The molecular structure represented by SMILES COc1cc(Cc2cnc(N)nc2N)cc(OC)c1OC was tested for hERG channel blocking activity.,0.0
N-DEPROPYLPROPAFENONE,The molecular structure represented by SMILES NC[C@@H](O)COc1ccccc1C(=O)CCc1ccccc1 was tested for hERG channel blocking activity.,0.0
PHENYTOIN,The molecular structure represented by SMILES O=C1NC(=O)C(c2ccccc2)(c2ccccc2)N1 was tested for hERG channel blocking activity.,0.0
NICOTINE,The molecular structure represented by SMILES C[NH+]1CCC[C@@H]1c1cccnc1 was tested for hERG channel blocking activity.,0.0
LIGNOCAINE,The molecular structure represented by SMILES CCN(CC)CC(=O)Nc1c(C)cccc1C was tested for hERG channel blocking activity.,0.0
ERYTHROMYCYLAMINE,The molecular structure represented by SMILES CC[C@H]1OC(=O)[C@@H](C)[C@@H](O[C@H]2C[C@@](C)(OC)[C@@H](O)[C@H](C)O2)[C@H](C)[C@@H](O[C@@H]2O[C@H](C)C[C@H]([NH+](C)C)[C@@H]2O)[C@@](C)(O)C[C@@H](C)[C@H]([NH3+])[C@H](C)[C@@H](O)[C@]1(C)O was tested for hERG channel blocking activity.,0.0
INDOMETHACIN,The molecular structure represented by SMILES COc1ccc2c(c1)c(CC(=O)[O-])c(C)n2C(=O)c1ccc(Cl)cc1 was tested for hERG channel blocking activity.,0.0
M-43068,The molecular structure represented by SMILES CC(C)(NC(=O)c1ccc(O)cc1)C(=O)O was tested for hERG channel blocking activity.,0.0
CODEINE,The molecular structure represented by SMILES COc1ccc2c3c1O[C@H]1[C@@H](O)C=C[C@H]4[C@@H](C2)[NH+](C)CC[C@]314 was tested for hERG channel blocking activity.,0.0
OLEANDOMYCIN,The molecular structure represented by SMILES CO[C@@H]1C[C@H](O[C@H]2[C@H](C)C(=O)O[C@H](C)[C@H](C)[C@@H](O)[C@@H](C)C(=O)[C@]3(CO3)C[C@@H](C)[C@@H](O[C@H]3O[C@H](C)C[C@@H]([NH+](C)C)[C@@H]3O)[C@H]2C)O[C@H](C)[C@H]1O was tested for hERG channel blocking activity.,0.0
PRULIFLOXACIN,The molecular structure represented by SMILES Cc1oc(=O)oc1CN1CCN(c2cc3c(cc2F)c(=O)c(C(=O)O)c2n3[C@@H](C)S2)CC1 was tested for hERG channel blocking activity.,0.0
HEROIN,The molecular structure represented by SMILES CC(=O)Oc1ccc2c3c1O[C@H]1[C@@H](OC(C)=O)C=C[C@H]4[C@@H](C2)N(C)CC[C@]314 was tested for hERG channel blocking activity.,0.0
SERTINDOLE11,The molecular structure represented by SMILES CC(C)(O)c1ccc([C@H](O)CCC[NH+]2CCC(C(O)(c3ccccc3)c3ccccc3)CC2)cc1 was tested for hERG channel blocking activity.,0.0
ANTOFLOXACIN,The molecular structure represented by SMILES CC1CCN(c2c(F)c(N)c3c4c2OC[C@@H](C)[C@@H]4C=C(C(=O)O)C3=O)CC1 was tested for hERG channel blocking activity.,0.0
SERTINDOLE4,The molecular structure represented by SMILES O=C1NCCN1CC[NH+]1CCC(c2cn(-c3ccc(CCO)cc3)c3ccc(Cl)cc23)CC1 was tested for hERG channel blocking activity.,0.0
AF3013,The molecular structure represented by SMILES C[C@H]1Sc2c(C(=O)O)c(=O)c3cc(F)c(N4CCNCC4)cc3n21 was tested for hERG channel blocking activity.,0.0
CIPROFLOXACIN,The molecular structure represented by SMILES O=C([O-])C1=C[N+](C2CC2)=C2C=C(N3CC[NH2+]CC3)C(F)=C[C@H]2C1=O was tested for hERG channel blocking activity.,0.0
ATENOLOL (RACEMATE),The molecular structure represented by SMILES CC(C)[NH2+]C[C@@H](O)COc1ccc(CC(N)=O)cc1 was tested for hERG channel blocking activity.,0.0
MORPHINE,The molecular structure represented by SMILES C[NH+]1CC[C@]23c4c5ccc(O)c4O[C@@H]2[C@@H](O)C=C[C@H]3[C@H]1C5 was tested for hERG channel blocking activity.,0.0
OFLOXACIN,The molecular structure represented by SMILES C[C@@H]1COc2c(N3CC[NH+](C)CC3)c(F)cc3c(=O)c(C(=O)[O-])cn1c23 was tested for hERG channel blocking activity.,0.0
METHYLNALTREXONE,The molecular structure represented by SMILES C[N@@+]1(CC2CC2)CC[C@]23c4c5ccc(O)c4O[C@H]2C(=O)CC[C@@]3(O)[C@H]1C5 was tested for hERG channel blocking activity.,0.0
SERTINDOLE19,The molecular structure represented by SMILES CCC(=O)c1cn(-c2ccc(F)cc2)c2ccc(Cl)cc12 was tested for hERG channel blocking activity.,0.0
LOMEFLOXACIN,The molecular structure represented by SMILES CCn1cc(C(=O)[O-])c(=O)c2cc(F)c(N3CC[NH2+][C@H](C)C3)c(F)c21 was tested for hERG channel blocking activity.,0.0
CARBAMAZEPINE,The molecular structure represented by SMILES NC(=O)N1c2ccccc2C=Cc2ccccc21 was tested for hERG channel blocking activity.,0.0
PHENOBARBITAL,The molecular structure represented by SMILES CCC1(c2ccccc2)C(=O)NC(=O)NC1=O was tested for hERG channel blocking activity.,0.0
SERTINDOLE22,The molecular structure represented by SMILES CCc1cn(-c2ccc(F)cc2)c2ccc(Cl)cc12 was tested for hERG channel blocking activity.,0.0
4-AMINOPYRIDINE,The molecular structure represented by SMILES Nc1ccncc1 was tested for hERG channel blocking activity.,0.0
SERTINDOLE18,The molecular structure represented by SMILES C[C@H](O)c1cn(-c2ccc(F)cc2)c2ccc(Cl)cc12 was tested for hERG channel blocking activity.,0.0
ECGONINE_METHYL_ESTER,The molecular structure represented by SMILES COC(=O)[C@H]1[C@@H](O)C[C@H]2CC[C@@H]1[NH+]2C was tested for hERG channel blocking activity.,0.0
CIMETIDINE,The molecular structure represented by SMILES CN/C(NCCSCc1[nH]cnc1C)=[NH+]\C#N was tested for hERG channel blocking activity.,0.0
SULFAMETHOXAZOLE,The molecular structure represented by SMILES Cc1cc(NS(=O)(=O)c2ccc(N)cc2)no1 was tested for hERG channel blocking activity.,0.0
SERTINDOLE5,The molecular structure represented by SMILES O=C([O-])c1ccc(-n2cc(C3CC[NH+](CCN4CCNC4=O)CC3)c3cc(Cl)ccc32)cc1 was tested for hERG channel blocking activity.,0.0
RALTEGRAVIR,The molecular structure represented by SMILES Cc1nnc(C(=O)NC(C)(C)C2=N/C(=C(\O)NCc3ccc(F)cc3)C(=O)C(=O)N2C)o1 was tested for hERG channel blocking activity.,0.0
DOXYLAMINE,The molecular structure represented by SMILES C[NH+](C)CCO[C@](C)(c1ccccc1)c1ccccn1 was tested for hERG channel blocking activity.,0.0
SIMVASTATIN,The molecular structure represented by SMILES CCC(C)(C)C(=O)O[C@H]1C[C@@H](C)C=C2C=C[C@H](C)[C@H](CC[C@@H]3C[C@@H](O)CC(=O)O3)[C@H]21 was tested for hERG channel blocking activity.,0.0
OXYCODONE,The molecular structure represented by SMILES COc1ccc2c3c1O[C@H]1C(=O)CC[C@@]4(O)[C@@H](C2)[NH+](C)CC[C@]314 was tested for hERG channel blocking activity.,0.0
VALSARTAN,The molecular structure represented by SMILES CCCCC(=O)N(Cc1ccc(-c2ccccc2-c2nn[n-]n2)cc1)[C@H](C(=O)[O-])C(C)C was tested for hERG channel blocking activity.,0.0
MISOPROSTOL,The molecular structure represented by SMILES CCCC[C@](C)(O)C/C=C/[C@H]1[C@H](O)CC(=O)[C@@H]1CCCCCCC(=O)OC was tested for hERG channel blocking activity.,0.0
ALVIMOPAN,The molecular structure represented by SMILES C[C@H]1CN(C[C@H](Cc2ccccc2)C(=O)NCC(=O)O)CC[C@@]1(C)c1cccc(O)c1 was tested for hERG channel blocking activity.,0.0
DELAVIRDINE,The molecular structure represented by SMILES CC(C)Nc1cccnc1N1CCN(C(=O)C2=CC3=C[C@H](NS(C)(=O)=O)C=CC3=N2)CC1 was tested for hERG channel blocking activity.,0.0
GLIPIZIDE,The molecular structure represented by SMILES Cc1cnc(C(=O)NCCc2ccc(S(=O)([O-])=NC(=O)NC3CCCCC3)cc2)cn1 was tested for hERG channel blocking activity.,0.0
PIOGLITAZONE,The molecular structure represented by SMILES CCc1ccc(CCOc2ccc(C[C@H]3SC(=O)NC3=O)cc2)nc1 was tested for hERG channel blocking activity.,0.0
ETHIONAMIDE,The molecular structure represented by SMILES CCc1cc(C(N)=S)ccn1 was tested for hERG channel blocking activity.,0.0
TACRINE,The molecular structure represented by SMILES Nc1c2c(nc3ccccc13)CCCC2 was tested for hERG channel blocking activity.,0.0
LETROZOLE,The molecular structure represented by SMILES N#Cc1ccc(C(c2ccc(C#N)cc2)n2cncn2)cc1 was tested for hERG channel blocking activity.,0.0
ANASTROZOLE,The molecular structure represented by SMILES CC(C)(C#N)c1cc(Cn2cncn2)cc(C(C)(C)C#N)c1 was tested for hERG channel blocking activity.,0.0
DANTROLENE,The molecular structure represented by SMILES O=C1CN(/N=C/c2ccc(-c3ccc([N+](=O)[O-])cc3)o2)C(=O)N1 was tested for hERG channel blocking activity.,0.0
DANAZOL,The molecular structure represented by SMILES C#C[C@]1(O)CC[C@H]2[C@@H]3CCC4=Cc5oncc5C[C@]4(C)[C@H]3CC[C@@]21C was tested for hERG channel blocking activity.,0.0
MELOXICAM,The molecular structure represented by SMILES Cc1cnc(NC(=O)C2=C(O)c3ccccc3S(=O)(=O)N2C)s1 was tested for hERG channel blocking activity.,0.0
ACETAZOLAMIDE,The molecular structure represented by SMILES CC(=O)Nc1nnc(S(N)(=O)=O)s1 was tested for hERG channel blocking activity.,0.0
PRAMIPEXOLE,The molecular structure represented by SMILES CCC[NH2+][C@H]1CCc2nc(N)sc2C1 was tested for hERG channel blocking activity.,0.0
RALOXIFENE,The molecular structure represented by SMILES O=C(c1ccc(OCC[NH+]2CCCCC2)cc1)c1c(-c2ccc(O)cc2)sc2cc(O)ccc12 was tested for hERG channel blocking activity.,0.0
C(CC(=NO)N)C(=NO)N,The molecular structure represented by SMILES N/C(CC/C(N)=N/O)=N\O was tested for hERG channel blocking activity.,0.0
C(CC1=NC(=NC(=N1)N)N)CC2=NC(=NC(=N2)N)N,The molecular structure represented by SMILES Nc1nc(N)nc(CCCc2nc(N)nc(N)n2)n1 was tested for hERG channel blocking activity.,0.0
C(CCC1=NC(=NC(=N1)N)N)CC2=NC(=NC(=N2)N)N,The molecular structure represented by SMILES Nc1nc(N)nc(CCCCc2nc(N)nc(N)n2)n1 was tested for hERG channel blocking activity.,0.0
C(CN(CC(=O)O)CC(=O)O)N(CC(=O)O)CC(=O)O.[Mn+2],The molecular structure represented by SMILES O=C(O)CN(CCN(CC(=O)O)CC(=O)O)CC(=O)O.[Mn+2] was tested for hERG channel blocking activity.,0.0
C(CNC(=S)S)N,The molecular structure represented by SMILES NCCNC(=S)S was tested for hERG channel blocking activity.,0.0
C(CNCC(=O)O)C(=O)O,The molecular structure represented by SMILES O=C(O)CCNCC(=O)O was tested for hERG channel blocking activity.,0.0
C(CNCC(CO)O)N,The molecular structure represented by SMILES NCCNC[C@@H](O)CO was tested for hERG channel blocking activity.,0.0
C(CSCCN)C(=O)O,The molecular structure represented by SMILES NCCSCCC(=O)O was tested for hERG channel blocking activity.,0.0
C(CSS(=O)(=O)CCN)N,The molecular structure represented by SMILES NCCSS(=O)(=O)CCN was tested for hERG channel blocking activity.,0.0
C(NC1=C(N(C(=N)N=C1N)O)N)O,The molecular structure represented by SMILES N=c1nc(N)c(NCO)c(N)n1O was tested for hERG channel blocking activity.,0.0
,The molecular structure represented by SMILES O=C(O)CCC(O)=C1S(=O)(=O)OCCOS1(=O)=O.[H-].[Na+] was tested for hERG channel blocking activity.,0.0
,The molecular structure represented by SMILES CC[C@@](O)(C(=O)O)c1cc2n(c(=O)c1CO)Cc1cc3ccccc3nc1-2.[H-].[Na+] was tested for hERG channel blocking activity.,0.0
,The molecular structure represented by SMILES C#CCOCCCC(=O)O was tested for hERG channel blocking activity.,0.0
,The molecular structure represented by SMILES C#CCSc1n[nH]c(-c2ccco2)n1 was tested for hERG channel blocking activity.,0.0
,The molecular structure represented by SMILES [N-]=[N+]=NCC(N)=O was tested for hERG channel blocking activity.,0.0
,The molecular structure represented by SMILES O=C(O)CNC(=O)[C@@H]1NC(C(F)(F)F)(C(F)(F)F)OC1(C(F)(F)F)C(F)(F)F was tested for hERG channel blocking activity.,0.0
,The molecular structure represented by SMILES Nc1[nH]c(SCC(=O)O)nc(=O)c1N was tested for hERG channel blocking activity.,0.0
,The molecular structure represented by SMILES NC(=O)C[C@@H](N)C(N)=O was tested for hERG channel blocking activity.,0.0
,The molecular structure represented by SMILES N[C@H](CNO)C(=O)O was tested for hERG channel blocking activity.,0.0
,The molecular structure represented by SMILES NC(=O)C[C@@H](N)c1nn[nH]n1 was tested for hERG channel blocking activity.,0.0
,The molecular structure represented by SMILES NC[C@@H](O)CSP(=O)(O)O was tested for hERG channel blocking activity.,0.0
,The molecular structure represented by SMILES O=c1[nH]c(SCc2c(Cl)c(Cl)c(Cl)c(Cl)c2Cl)nc(=S)[nH]1 was tested for hERG channel blocking activity.,0.0
,The molecular structure represented by SMILES Nc1nc(N)nc(CC(=O)O)n1 was tested for hERG channel blocking activity.,0.0
,The molecular structure represented by SMILES N[C@H](Cc1nn[nH]n1)C(=O)O was tested for hERG channel blocking activity.,0.0
MOSAPRIDE,The molecular structure represented by SMILES CCOc1cc(N)c(Cl)cc1C(=O)NCC1C[NH+](Cc2ccc(F)cc2)CCO1 was tested for hERG channel blocking activity.,1.0
NORTRIPTYLINE,The molecular structure represented by SMILES C[NH2+]CCC=C1c2ccccc2CCc2ccccc21 was tested for hERG channel blocking activity.,1.0
ONDANSETRON,The molecular structure represented by SMILES Cc1nccn1CC1CCc2c(c3ccccc3n2C)C1=O was tested for hERG channel blocking activity.,1.0
OPC18790,The molecular structure represented by SMILES COc1ccc(C[NH2+]CC(O)COc2ccc3[nH]c(=O)ccc3c2)cc1OC was tested for hERG channel blocking activity.,1.0
OXYBUTYNIN,The molecular structure represented by SMILES CC[NH+](CC)CC#CCOC(=O)C(O)(c1ccccc1)C1CCCCC1 was tested for hERG channel blocking activity.,1.0
PERGOLIDE,The molecular structure represented by SMILES CCC[NH+]1C[C@H](CSC)C[C@@H]2c3cccc4c3C(C=N4)C[C@H]21 was tested for hERG channel blocking activity.,1.0
PERHEXILENE,The molecular structure represented by SMILES C1CCC(C(C[C@@H]2CCCC[NH2+]2)C2CCCCC2)CC1 was tested for hERG channel blocking activity.,1.0
PRENYLAMINE,The molecular structure represented by SMILES CC(Cc1ccccc1)[NH2+]CCC(c1ccccc1)c1ccccc1 was tested for hERG channel blocking activity.,1.0
PROCAINAMIDE,The molecular structure represented by SMILES CC[NH+](CC)CCNC(=O)c1ccc(N)cc1 was tested for hERG channel blocking activity.,1.0
PROMETHAZINE,The molecular structure represented by SMILES CC(CN1c2ccccc2Sc2ccccc21)[NH+](C)C was tested for hERG channel blocking activity.,1.0
PROPAFENONE,The molecular structure represented by SMILES CCC[NH2+]CC(O)COc1ccccc1C(=O)CCc1ccccc1 was tested for hERG channel blocking activity.,1.0
PROPIONYLPROCAINAMIDE-N,The molecular structure represented by SMILES CCC(=O)NC(=O)c1ccc(N)cc1CC[NH+](CC)CC was tested for hERG channel blocking activity.,1.0
PROPRANOLOL,The molecular structure represented by SMILES CC(C)[NH2+]CC(O)COc1cccc2ccccc12 was tested for hERG channel blocking activity.,1.0
ROXITHROMYCIN,The molecular structure represented by SMILES CC[C@H]1OC(=O)[C@H](C)[C@@H](O[C@H]2C[C@@](C)(OC)[C@@H](O)[C@H](C)O2)[C@H](C)[C@@H](O[C@@H]2O[C@H](C)C[C@H]([NH+](C)C)[C@H]2O)[C@](C)(O)C[C@@H](C)/C(=N/OCOCCOC)[C@H](C)[C@@H](O)[C@]1(C)O was tested for hERG channel blocking activity.,1.0
SUFENTANIL,The molecular structure represented by SMILES CCC(=O)N(c1ccccc1)C1(COC)CC[NH+](CCc2cccs2)CC1 was tested for hERG channel blocking activity.,1.0
TERODILINE,The molecular structure represented by SMILES CC(CC(c1ccccc1)c1ccccc1)[NH2+]C(C)(C)C was tested for hERG channel blocking activity.,1.0
THIOPENTAL,The molecular structure represented by SMILES CCCC(C)C1(CC)C(=O)NC(=S)NC1=O was tested for hERG channel blocking activity.,1.0
THIORIDAZINE,The molecular structure represented by SMILES CSc1ccc2c(c1)N(CC[C@H]1CCCC[N@@H+]1C)c1ccccc1S2 was tested for hERG channel blocking activity.,1.0
VENLAFAXINE,The molecular structure represented by SMILES COc1ccc(C(C[NH+](C)C)C2(O)CCCCC2)cc1 was tested for hERG channel blocking activity.,1.0
buprenorphine,The molecular structure represented by SMILES COC12CCC3(CC1C(C)(O)C(C)(C)C)C1Cc4ccc(O)c5c4C3(CC[NH+]1CC1CC1)C2O5 was tested for hERG channel blocking activity.,1.0
cibenzoline,The molecular structure represented by SMILES c1ccc(C2(c3ccccc3)CC2C2=[NH+]CCN2)cc1 was tested for hERG channel blocking activity.,1.0
cyamemazin,The molecular structure represented by SMILES CC(CN1c2ccccc2Sc2ccc(C#N)cc21)C[NH+](C)C was tested for hERG channel blocking activity.,1.0
lopinavir,The molecular structure represented by SMILES Cc1cccc(C)c1OCC(=O)NC(Cc1ccccc1)C(O)CC(Cc1ccccc1)NC(=O)C(C(C)C)N1CCCNC1=O was tested for hERG channel blocking activity.,1.0
lovastatin,The molecular structure represented by SMILES CCC(C)C(=O)OC1CC(C)C=C2C=CC(C)C(CCC3CC(O)CC(=O)O3)C21 was tested for hERG channel blocking activity.,1.0
norpropoxyphene,The molecular structure represented by SMILES CCC(=O)OC(Cc1ccccc1)(c1ccccc1)C(C)C[NH2+]C was tested for hERG channel blocking activity.,1.0
norverapamil,The molecular structure represented by SMILES COc1ccc(CC[NH2+]CCCC(C#N)(c2ccc(OC)c(OC)c2)C(C)C)cc1OC was tested for hERG channel blocking activity.,1.0
ranolazine,The molecular structure represented by SMILES COc1ccccc1OCC(O)C[NH+]1CC[NH+](CC(=O)Nc2c(C)cccc2C)CC1 was tested for hERG channel blocking activity.,1.0
PRIMIDONE,The molecular structure represented by SMILES CCC1(c2ccccc2)C(=O)NCNC1=O was tested for hERG channel blocking activity.,0.0
PROCARBAZINE,The molecular structure represented by SMILES CNNCc1ccc(C(=O)NC(C)C)cc1 was tested for hERG channel blocking activity.,0.0
PROGUANIL,The molecular structure represented by SMILES CC(C)NC(=[NH2+])NC(=[NH2+])Nc1ccc(Cl)cc1 was tested for hERG channel blocking activity.,0.0
RIBAVIRIN,The molecular structure represented by SMILES NC(=O)c1ncn([C@H]2O[C@@H](CO)[C@H](O)[C@@H]2O)n1 was tested for hERG channel blocking activity.,0.0
RIMANTADINE,The molecular structure represented by SMILES CC([NH3+])C12CC3CC(CC(C3)C1)C2 was tested for hERG channel blocking activity.,0.0
ROFECOXIB,The molecular structure represented by SMILES CS(=O)(=O)c1ccc(C2=C(c3ccccc3)C(=O)OC2)cc1 was tested for hERG channel blocking activity.,0.0
STAVUDINE,The molecular structure represented by SMILES Cc1cn(C2C=CC(CO)O2)c(=O)[nH]c1=O was tested for hERG channel blocking activity.,0.0
SULINDAC,The molecular structure represented by SMILES CC1=C(CC(=O)[O-])c2cc(F)ccc2/C1=C\c1ccc(S(C)=O)cc1 was tested for hERG channel blocking activity.,0.0
SUMATRIPTAN,The molecular structure represented by SMILES CNS(=O)(=O)Cc1ccc2c(c1)C(CC[NH+](C)C)C=N2 was tested for hERG channel blocking activity.,0.0
TEMOZOLOMIDE,The molecular structure represented by SMILES C[N+]1=NN=C2C(C(N)=O)=NC=[N+]2C1=O was tested for hERG channel blocking activity.,0.0
TERBUTALINE,The molecular structure represented by SMILES CC(C)(C)[NH2+]CC(O)c1cc(O)cc(O)c1 was tested for hERG channel blocking activity.,0.0
TESTOLACTONE,The molecular structure represented by SMILES CC12CCC3C(CCC4=CC(=O)C=CC43C)C1CCC(=O)O2 was tested for hERG channel blocking activity.,0.0
THALIDOMIDE,The molecular structure represented by SMILES O=C1CCC(N2C(=O)c3ccccc3C2=O)C(=O)N1 was tested for hERG channel blocking activity.,0.0
TILUDRONIC_ACID,The molecular structure represented by SMILES O=P([O-])([O-])C(Sc1ccc(Cl)cc1)P(=O)([O-])[O-] was tested for hERG channel blocking activity.,0.0
TIZANIDINE,The molecular structure represented by SMILES Clc1ccc2nsnc2c1NC1=[NH+]CCN1 was tested for hERG channel blocking activity.,0.0
TOLCAPONE,The molecular structure represented by SMILES Cc1ccc(C(=O)c2cc(O)c([O-])c([N+](=O)[O-])c2)cc1 was tested for hERG channel blocking activity.,0.0
